effect,component,term,estimate,std.error,statistic,p.value,ci.ub,ci.lb,response_tier,scale,formula_id,response,sig,interaction
fixed,cond,herbi_biomass_ha_scaled,0.45558592254361,0.591402369183775,0.770348490778599,0.441093199348359,1.61473456614381,-0.70356272105659,Life Form Specific Diversity,Plot,plot_formula_1,forbs_per_plot,non significant,TRUE
fixed,cond,MAP_plot_scaled,0.769216496436378,0.435786601050492,1.76512195322695,0.0775432718371373,1.62335823449534,-0.0849252416225865,Life Form Specific Diversity,Plot,plot_formula_1,forbs_per_plot,non significant,TRUE
fixed,cond,herbi_biomass_ha_scaled:MAP_plot_scaled,-0.204408385394127,1.03875958556824,-0.19678122660337,0.843998742867125,1.83156040231963,-2.24037717310788,Life Form Specific Diversity,Plot,plot_formula_1,forbs_per_plot,non significant,TRUE
fixed,cond,herbi_biomass_ha_scaled,0.73317129547054,0.429370083844275,1.70755095209765,0.0877196959009931,1.57473665980532,-0.108394068864239,Life Form Specific Diversity,Plot,plot_formula_2,graminoids_per_plot,non significant,TRUE
fixed,cond,MAP_plot_scaled,0.186177828991093,0.322372570114624,0.577523791571023,0.5635856714251,0.818028066415756,-0.44567240843357,Life Form Specific Diversity,Plot,plot_formula_2,graminoids_per_plot,non significant,TRUE
fixed,cond,herbi_biomass_ha_scaled:MAP_plot_scaled,-0.400799407276038,0.710025636450441,-0.564485825159375,0.57242354429897,0.990850840166827,-1.7924496547189,Life Form Specific Diversity,Plot,plot_formula_2,graminoids_per_plot,non significant,TRUE
fixed,cond,herbi_biomass_ha_scaled,5.35721489829252,13.642532079239,0.39268479393536,0.694552303026418,32.0965777736011,-21.382147977016,Structure,Plot,plot_formula_3,plot_adj_mean_3d_woody,non significant,TRUE
fixed,cond,MAP_plot_scaled,19.8867478963538,9.90733729060913,2.00727474123687,0.044720417119242,39.3051289859477,0.468366806759914,Structure,Plot,plot_formula_3,plot_adj_mean_3d_woody,significant,TRUE
fixed,cond,herbi_biomass_ha_scaled:MAP_plot_scaled,-9.01883813076067,24.4749855700574,-0.36849207142309,0.712506355979114,38.9521335865518,-56.9898098480731,Structure,Plot,plot_formula_3,plot_adj_mean_3d_woody,non significant,TRUE
fixed,cond,herbi_biomass_ha_scaled,-0.0295712704260285,0.0334031672070017,-0.88528342964526,0.376003784785413,0.0358989372996948,-0.0950414781517518,Resilience,Plot,plot_formula_4,plot_berger_parker,non significant,TRUE
fixed,cond,MAP_plot_scaled,-0.0089615500642768,0.0240279997912537,-0.372962799322932,0.709176131376886,0.0381333295265804,-0.056056429655134,Resilience,Plot,plot_formula_4,plot_berger_parker,non significant,TRUE
fixed,cond,herbi_biomass_ha_scaled:MAP_plot_scaled,0.0300105079251277,0.0585383632641085,0.51266393953874,0.60818641845011,0.14474569992278,-0.0847246840725249,Resilience,Plot,plot_formula_4,plot_berger_parker,non significant,TRUE
fixed,cond,herbi_biomass_ha_scaled,0.000906849787306946,0.272476896327655,0.00332817130380278,0.997344508403348,0.534961566589511,-0.533147867014897,Structure,Plot,plot_formula_5,plot_lidar_adjusted_mean_3d,non significant,TRUE
fixed,cond,MAP_plot_scaled,0.172922774968198,0.203903098961439,0.848063496086934,0.39640260978558,0.57257284893262,-0.226727298996223,Structure,Plot,plot_formula_5,plot_lidar_adjusted_mean_3d,non significant,TRUE
fixed,cond,herbi_biomass_ha_scaled:MAP_plot_scaled,-0.163754753361707,0.476149859697095,-0.343914316106026,0.730910725170163,0.769498971644599,-1.09700847836801,Structure,Plot,plot_formula_5,plot_lidar_adjusted_mean_3d,non significant,TRUE
fixed,cond,herbi_biomass_ha_scaled,0.358600480172598,0.270407089380674,1.32615043856253,0.184789871941882,0.888598375358719,-0.171397415013524,Structure,Plot,plot_formula_6,plot_lidar_sd_adjusted_3d_partial,non significant,TRUE
fixed,cond,MAP_plot_scaled,-0.179893929368258,0.200018616931116,-0.899385927811969,0.368447132095824,0.212142559816729,-0.571930418553246,Structure,Plot,plot_formula_6,plot_lidar_sd_adjusted_3d_partial,non significant,TRUE
fixed,cond,herbi_biomass_ha_scaled:MAP_plot_scaled,-0.683715707751079,0.489954194571189,-1.39546862814282,0.162874568730958,0.276594513608451,-1.64402592911061,Structure,Plot,plot_formula_6,plot_lidar_sd_adjusted_3d_partial,non significant,TRUE
fixed,cond,herbi_biomass_ha_scaled,-0.0329018229694883,0.0269021012125194,-1.22302056295055,0.221321929772957,0.0198262954070497,-0.0856299413460263,Resilience,Plot,plot_formula_7,plot_max_cover_ms,non significant,TRUE
fixed,cond,MAP_plot_scaled,-0.0209194763128678,0.0191654735055596,-1.09151888716965,0.275044625741809,0.016644851758029,-0.0584838043837646,Resilience,Plot,plot_formula_7,plot_max_cover_ms,non significant,TRUE
fixed,cond,herbi_biomass_ha_scaled:MAP_plot_scaled,-0.00070330575782714,0.0472993500874762,-0.0148692478126324,0.988136493900545,0.0920034204136263,-0.0934100319292806,Resilience,Plot,plot_formula_7,plot_max_cover_ms,non significant,TRUE
fixed,cond,herbi_biomass_ha_scaled,-0.0762375644189324,0.225395593179649,-0.338238930688269,0.735183140447177,0.36553779821318,-0.518012927051044,Resilience,Plot,plot_formula_8,plot_plant_fun_div_distq1,non significant,TRUE
fixed,cond,MAP_plot_scaled,0.232991010877835,0.162408185138578,1.43460140681352,0.151400713495242,0.551311053749448,-0.0853290319937786,Resilience,Plot,plot_formula_8,plot_plant_fun_div_distq1,non significant,TRUE
fixed,cond,herbi_biomass_ha_scaled:MAP_plot_scaled,0.278509374231689,0.386170728071676,0.721207885492541,0.470781620891525,1.03540400125217,-0.478385252788797,Resilience,Plot,plot_formula_8,plot_plant_fun_div_distq1,non significant,TRUE
fixed,cond,herbi_biomass_ha_scaled,0.00551009105767312,0.00716928475954121,0.768569144968059,0.442149128331197,0.0195618891863739,-0.00854170707102765,Resilience,Plot,plot_formula_9,plot_plant_fun_red,non significant,TRUE
fixed,cond,MAP_plot_scaled,-0.00467267659645146,0.00508279775787945,-0.919311926036756,0.357932441634565,0.00528960700899226,-0.0146349602018952,Resilience,Plot,plot_formula_9,plot_plant_fun_red,non significant,TRUE
fixed,cond,herbi_biomass_ha_scaled:MAP_plot_scaled,0.00256428773841389,0.0127305593785177,0.201427734804884,0.840364130379497,0.0275161841203087,-0.0223876086434809,Resilience,Plot,plot_formula_9,plot_plant_fun_red,non significant,TRUE
fixed,cond,herbi_biomass_ha_scaled,0.0924148721421133,0.108130688101473,0.854659059002644,0.392739921897364,0.304351020821,-0.119521276536774,Diversity,Plot,plot_formula_10,shannon_plot,non significant,TRUE
fixed,cond,MAP_plot_scaled,0.0821288994083896,0.0786708986218777,1.04395527249704,0.296506083813666,0.23632386070727,-0.0720660618904908,Diversity,Plot,plot_formula_10,shannon_plot,non significant,TRUE
fixed,cond,herbi_biomass_ha_scaled:MAP_plot_scaled,-0.0157165648102253,0.184623193272887,-0.0851277920807871,0.932159795612551,0.346144894004634,-0.377578023625085,Diversity,Plot,plot_formula_10,shannon_plot,non significant,TRUE
fixed,cond,herbi_biomass_ha_scaled,1.15147941951414,0.906205598307252,1.27066023611534,0.20384954756518,2.92764239219635,-0.624683553168078,Diversity,Plot,plot_formula_11,species_per_plot,non significant,TRUE
fixed,cond,MAP_plot_scaled,1.1908681131546,0.678887609274233,1.75414618986448,0.0794054607822267,2.5214878273321,-0.139751601022894,Diversity,Plot,plot_formula_11,species_per_plot,non significant,TRUE
fixed,cond,herbi_biomass_ha_scaled:MAP_plot_scaled,0.0220414448006542,1.54001282092592,0.0143125073383492,0.988580661240881,3.04046657381547,-2.99638368421416,Diversity,Plot,plot_formula_11,species_per_plot,non significant,TRUE
fixed,cond,nEventsDay_scaled,0.62351805884896,0.252113487185453,2.47316423175054,0.0133922583452321,1.11766049373245,0.129375623965472,Life Form Specific Diversity,Plot,plot_formula_12,forbs_per_plot,significant,TRUE
fixed,cond,MAP_plot_scaled,0.665623805797737,0.289081306543007,2.30254876649629,0.0213042446060379,1.23222316662203,0.0990244449734432,Life Form Specific Diversity,Plot,plot_formula_12,forbs_per_plot,significant,TRUE
fixed,cond,nEventsDay_scaled:MAP_plot_scaled,-0.344851839376295,0.368255008832599,-0.93644846941663,0.349042332385689,0.3769279779356,-1.06663165668819,Life Form Specific Diversity,Plot,plot_formula_12,forbs_per_plot,non significant,TRUE
fixed,cond,nEventsDay_scaled,0.284927894042575,0.186212221175423,1.53012456563823,0.125985898684295,0.649903847546405,-0.0800480594612542,Life Form Specific Diversity,Plot,plot_formula_13,graminoids_per_plot,non significant,TRUE
fixed,cond,MAP_plot_scaled,0.277517111986297,0.267627953288391,1.03695114272032,0.299758627362513,0.802067900431544,-0.247033676458949,Life Form Specific Diversity,Plot,plot_formula_13,graminoids_per_plot,non significant,TRUE
fixed,cond,nEventsDay_scaled:MAP_plot_scaled,-0.239329392464856,0.231658448795908,-1.03311316167754,0.301550944676279,0.214721167175124,-0.693379952104836,Life Form Specific Diversity,Plot,plot_formula_13,graminoids_per_plot,non significant,TRUE
fixed,cond,nEventsDay_scaled,16.9745636751475,5.79033344101398,2.93153474632629,0.00337291632470292,28.3236172195349,5.62551013076012,Structure,Plot,plot_formula_14,plot_adj_mean_3d_woody,significant,TRUE
fixed,cond,MAP_plot_scaled,14.9046809151501,6.27594611326875,2.37488988052946,0.0175541863744218,27.2055352971569,2.6038265331434,Structure,Plot,plot_formula_14,plot_adj_mean_3d_woody,significant,TRUE
fixed,cond,nEventsDay_scaled:MAP_plot_scaled,-13.329166890612,9.71045146123358,-1.37266191420915,0.169857474411772,5.70331797340586,-32.3616517546298,Structure,Plot,plot_formula_14,plot_adj_mean_3d_woody,non significant,TRUE
fixed,cond,nEventsDay_scaled,-0.0206251153820733,0.016701311990163,-1.23493982953084,0.216852898630553,0.0121094561186462,-0.0533596868827928,Resilience,Plot,plot_formula_15,plot_berger_parker,non significant,TRUE
fixed,cond,MAP_plot_scaled,-0.0102184035855886,0.0174234702922453,-0.586473498918097,0.557557365308124,0.0239315981872122,-0.0443684053583894,Resilience,Plot,plot_formula_15,plot_berger_parker,non significant,TRUE
fixed,cond,nEventsDay_scaled:MAP_plot_scaled,0.0228716939844368,0.022627430713712,1.01079500690181,0.312114553408586,0.0672214581833122,-0.0214780702144387,Resilience,Plot,plot_formula_15,plot_berger_parker,non significant,TRUE
fixed,cond,nEventsDay_scaled,0.368649068778269,0.114165209443347,3.22908415423357,0.00124187345074761,0.59241287928723,0.144885258269309,Structure,Plot,plot_formula_16,plot_lidar_adjusted_mean_3d,significant,TRUE
fixed,cond,MAP_plot_scaled,0.112392027861898,0.13078999894735,0.859331973136122,0.39015738906076,0.368740425798705,-0.143956370074909,Structure,Plot,plot_formula_16,plot_lidar_adjusted_mean_3d,non significant,TRUE
fixed,cond,nEventsDay_scaled:MAP_plot_scaled,0.0343648613862843,0.153652755042973,0.223652751144445,0.823027513712418,0.335524261270511,-0.266794538497943,Structure,Plot,plot_formula_16,plot_lidar_adjusted_mean_3d,non significant,TRUE
fixed,cond,nEventsDay_scaled,0.26025159829887,0.124902165216902,2.08364360895524,0.0371925971561548,0.505059842123999,0.0154433544737416,Structure,Plot,plot_formula_17,plot_lidar_sd_adjusted_3d_partial,significant,TRUE
fixed,cond,MAP_plot_scaled,-0.0756780000635042,0.14533012595172,-0.520731676023215,0.602553704909414,0.209169046801867,-0.360525046928875,Structure,Plot,plot_formula_17,plot_lidar_sd_adjusted_3d_partial,non significant,TRUE
fixed,cond,nEventsDay_scaled:MAP_plot_scaled,-0.140977508131974,0.169406963109582,-0.832182488513073,0.405305946673642,0.191060139562806,-0.473015155826755,Structure,Plot,plot_formula_17,plot_lidar_sd_adjusted_3d_partial,non significant,TRUE
fixed,cond,nEventsDay_scaled,-0.0272891316720613,0.0141908288120147,-1.92301182922854,0.0544785642765941,0.000524892799487371,-0.0551031561436101,Resilience,Plot,plot_formula_18,plot_max_cover_ms,non significant,TRUE
fixed,cond,MAP_plot_scaled,-0.0148858700733654,0.015176950625703,-0.980820880325945,0.326681079532038,0.0148609531530124,-0.0446326932997432,Resilience,Plot,plot_formula_18,plot_max_cover_ms,non significant,TRUE
fixed,cond,nEventsDay_scaled:MAP_plot_scaled,0.0241278285314707,0.0184428927086729,1.30824534483814,0.190790106493343,0.0602758982404697,-0.0120202411775282,Resilience,Plot,plot_formula_18,plot_max_cover_ms,non significant,TRUE
fixed,cond,nEventsDay_scaled,0.0160871252414999,0.109894098323519,0.146387526599844,0.883615473568365,0.231479557955596,-0.199305307472597,Resilience,Plot,plot_formula_19,plot_plant_fun_div_distq1,non significant,TRUE
fixed,cond,MAP_plot_scaled,0.145303892375342,0.127762509616817,1.13729679239344,0.255414235218262,0.395718411224303,-0.10511062647362,Resilience,Plot,plot_formula_19,plot_plant_fun_div_distq1,non significant,TRUE
fixed,cond,nEventsDay_scaled:MAP_plot_scaled,-0.0971612802857833,0.148297401928994,-0.65517857374403,0.512352787728701,0.193501627495044,-0.387824188066611,Resilience,Plot,plot_formula_19,plot_plant_fun_div_distq1,non significant,TRUE
fixed,cond,nEventsDay_scaled,0.0113120904965937,0.00356959334978544,3.16901377499307,0.00152957145649336,0.0183084934621732,0.00431568753101424,Resilience,Plot,plot_formula_20,plot_plant_fun_red,significant,TRUE
fixed,cond,MAP_plot_scaled,-0.0067717128005671,0.0037228789483067,-1.81894520197792,0.0689197906944353,0.000525129938114039,-0.0140685555392482,Resilience,Plot,plot_formula_20,plot_plant_fun_red,non significant,TRUE
fixed,cond,nEventsDay_scaled:MAP_plot_scaled,0.000153391822506409,0.0048403329488344,0.0316903452981158,0.974718994357165,0.00964044440222183,-0.00933366075720901,Resilience,Plot,plot_formula_20,plot_plant_fun_red,non significant,TRUE
fixed,cond,nEventsDay_scaled,0.0962868504976631,0.0530641659172839,1.81453620976073,0.0695952132712287,0.20029261569554,-0.00771891470021344,Diversity,Plot,plot_formula_21,shannon_plot,non significant,TRUE
fixed,cond,MAP_plot_scaled,0.0660913161915585,0.0555738246052297,1.18925261417655,0.234340275957803,0.175016012417809,-0.0428333800346917,Diversity,Plot,plot_formula_21,shannon_plot,non significant,TRUE
fixed,cond,nEventsDay_scaled:MAP_plot_scaled,-0.0759941691210701,0.0695497065711937,-1.09265980933046,0.274543192133251,0.0603232557584696,-0.21231159400061,Diversity,Plot,plot_formula_21,shannon_plot,non significant,TRUE
fixed,cond,nEventsDay_scaled,0.827844119767392,0.40612721655373,2.03838621501957,0.0415113237967127,1.6238534642127,0.0318347753220817,Diversity,Plot,plot_formula_22,species_per_plot,significant,TRUE
fixed,cond,MAP_plot_scaled,1.10774303532376,0.537634222313585,2.06040275962502,0.0393600533105418,2.16150611105839,0.0539799595891366,Diversity,Plot,plot_formula_22,species_per_plot,significant,TRUE
fixed,cond,nEventsDay_scaled:MAP_plot_scaled,-0.437556193707991,0.526788283145886,-0.830611096919209,0.406193363831193,0.594948841257945,-1.47006122867393,Diversity,Plot,plot_formula_22,species_per_plot,non significant,TRUE
fixed,cond,n_herbi_sp_reserve_scaled,-0.116135862315976,0.309319744481178,-0.375455703646628,0.707321584178141,0.490130836867132,-0.722402561499083,Life Form Specific Diversity,Plot,plot_formula_23,forbs_per_plot,non significant,TRUE
fixed,cond,MAP_plot_scaled,0.661988350686326,0.385720698566145,1.71623756035692,0.086118571226105,1.41800091987597,-0.0940242185033186,Life Form Specific Diversity,Plot,plot_formula_23,forbs_per_plot,non significant,TRUE
fixed,cond,n_herbi_sp_reserve_scaled:MAP_plot_scaled,0.598641800457954,0.713474640157068,0.839051266525977,0.401440541574868,1.99705209516581,-0.7997684942499,Life Form Specific Diversity,Plot,plot_formula_23,forbs_per_plot,non significant,TRUE
fixed,cond,n_herbi_sp_reserve_scaled,0.448763085270819,0.277485353641433,1.61724962914875,0.10582440740824,0.992634378408029,-0.0951082078663904,Life Form Specific Diversity,Plot,plot_formula_24,graminoids_per_plot,non significant,TRUE
fixed,cond,MAP_plot_scaled,0.399094183485272,0.308514925107324,1.29359765446173,0.195804433079821,1.00378343669563,-0.205595069725084,Life Form Specific Diversity,Plot,plot_formula_24,graminoids_per_plot,non significant,TRUE
fixed,cond,n_herbi_sp_reserve_scaled:MAP_plot_scaled,0.178314005975897,0.507886311386942,0.351090395582733,0.725520533108878,1.1737711762943,-0.81714316434251,Life Form Specific Diversity,Plot,plot_formula_24,graminoids_per_plot,non significant,TRUE
fixed,cond,n_herbi_sp_reserve_scaled,8.38124113450738,7.04940764878238,1.18892842520677,0.234467833439903,22.1980801261208,-5.43559785710608,Structure,Plot,plot_formula_25,plot_adj_mean_3d_woody,non significant,TRUE
fixed,cond,MAP_plot_scaled,28.6194118762182,8.74490575164867,3.2726952912926,0.00106527252066965,45.7594271494496,11.4793966029868,Structure,Plot,plot_formula_25,plot_adj_mean_3d_woody,significant,TRUE
fixed,cond,n_herbi_sp_reserve_scaled:MAP_plot_scaled,-12.3017176242454,15.2988642238183,-0.804093522517398,0.421342965221971,17.6840562544384,-42.2874915029292,Structure,Plot,plot_formula_25,plot_adj_mean_3d_woody,non significant,TRUE
fixed,cond,n_herbi_sp_reserve_scaled,-0.0116957562229836,0.0185740396882999,-0.629682956387292,0.528902035786854,0.0247093615660842,-0.0481008740120513,Resilience,Plot,plot_formula_26,plot_berger_parker,non significant,TRUE
fixed,cond,MAP_plot_scaled,-0.014937984574154,0.0226119364820752,-0.660623851742885,0.50885356888992,0.0293814109307134,-0.0592573800790214,Resilience,Plot,plot_formula_26,plot_berger_parker,non significant,TRUE
fixed,cond,n_herbi_sp_reserve_scaled:MAP_plot_scaled,-0.0186172827052791,0.0393933409471939,-0.47259974040372,0.636498767720625,0.058593665551221,-0.0958282309617792,Resilience,Plot,plot_formula_26,plot_berger_parker,non significant,TRUE
fixed,cond,n_herbi_sp_reserve_scaled,0.077889840941852,0.158231377903419,0.492252813404647,0.622540633228527,0.388023341632553,-0.232243659748849,Structure,Plot,plot_formula_27,plot_lidar_adjusted_mean_3d,non significant,TRUE
fixed,cond,MAP_plot_scaled,0.369987095990471,0.193266306715379,1.91439005731789,0.0555703350263818,0.748789057152614,-0.00881486517167179,Structure,Plot,plot_formula_27,plot_lidar_adjusted_mean_3d,non significant,TRUE
fixed,cond,n_herbi_sp_reserve_scaled:MAP_plot_scaled,-0.404952961707979,0.323357270827006,-1.25233912530337,0.21044631790727,0.228827289112953,-1.03873321252891,Structure,Plot,plot_formula_27,plot_lidar_adjusted_mean_3d,non significant,TRUE
fixed,cond,n_herbi_sp_reserve_scaled,0.218284137232456,0.146549429634202,1.48949155092115,0.136357976585659,0.505521019315492,-0.068952744850579,Structure,Plot,plot_formula_28,plot_lidar_sd_adjusted_3d_partial,non significant,TRUE
fixed,cond,MAP_plot_scaled,-0.0413662422544115,0.178132586702156,-0.232221644676261,0.816365867196542,0.307773627681815,-0.390506112190638,Structure,Plot,plot_formula_28,plot_lidar_sd_adjusted_3d_partial,non significant,TRUE
fixed,cond,n_herbi_sp_reserve_scaled:MAP_plot_scaled,0.277560635355884,0.299143182365537,0.927852118042657,0.353484284801346,0.863881272792336,-0.308760002080568,Structure,Plot,plot_formula_28,plot_lidar_sd_adjusted_3d_partial,non significant,TRUE
fixed,cond,n_herbi_sp_reserve_scaled,-0.0216497085127805,0.0155382756068341,-1.39331474486515,0.163524633764707,0.00880531167661436,-0.0521047287021754,Resilience,Plot,plot_formula_29,plot_max_cover_ms,non significant,TRUE
fixed,cond,MAP_plot_scaled,-0.0130618415540801,0.018830264472362,-0.693662140181386,0.487894114106638,0.0238454768117493,-0.0499691599199096,Resilience,Plot,plot_formula_29,plot_max_cover_ms,non significant,TRUE
fixed,cond,n_herbi_sp_reserve_scaled:MAP_plot_scaled,-0.0472323060703341,0.0334879896446489,-1.41042524712681,0.158414154848225,0.0184041536331778,-0.112868765773846,Resilience,Plot,plot_formula_29,plot_max_cover_ms,non significant,TRUE
fixed,cond,n_herbi_sp_reserve_scaled,-0.0410881120271322,0.130889152767879,-0.313915333381359,0.753585344277284,0.21545462739791,-0.297630851452174,Resilience,Plot,plot_formula_30,plot_plant_fun_div_distq1,non significant,TRUE
fixed,cond,MAP_plot_scaled,0.11157981634236,0.153841310743699,0.725291638526486,0.468273134264904,0.41310878540001,-0.18994915271529,Resilience,Plot,plot_formula_30,plot_plant_fun_div_distq1,non significant,TRUE
fixed,cond,n_herbi_sp_reserve_scaled:MAP_plot_scaled,0.146397243146159,0.260768683132245,0.561406536197892,0.574520429256636,0.657503862085359,-0.364709375793041,Resilience,Plot,plot_formula_30,plot_plant_fun_div_distq1,non significant,TRUE
fixed,cond,n_herbi_sp_reserve_scaled,0.0061299450071037,0.00380929331664232,1.60920792849497,0.107570883339197,0.0135961599077226,-0.00133626989351524,Resilience,Plot,plot_formula_31,plot_plant_fun_red,non significant,TRUE
fixed,cond,MAP_plot_scaled,-0.00787597411752955,0.00469710370279423,-1.67677245721534,0.0935869855864604,0.00133034913994715,-0.0170822973750062,Resilience,Plot,plot_formula_31,plot_plant_fun_red,non significant,TRUE
fixed,cond,n_herbi_sp_reserve_scaled:MAP_plot_scaled,0.0128675004048277,0.00830158965222336,1.5500043899883,0.121140462331484,0.0291386161231855,-0.00340361531353011,Resilience,Plot,plot_formula_31,plot_plant_fun_red,non significant,TRUE
fixed,cond,n_herbi_sp_reserve_scaled,0.0481853184464334,0.0630658443899986,0.764047780736206,0.444838769351903,0.171794373450831,-0.075423736557964,Diversity,Plot,plot_formula_32,shannon_plot,non significant,TRUE
fixed,cond,MAP_plot_scaled,0.0540880666189109,0.0740821237552688,0.730109557841395,0.465323219521177,0.199289029179238,-0.0911128959414161,Diversity,Plot,plot_formula_32,shannon_plot,non significant,TRUE
fixed,cond,n_herbi_sp_reserve_scaled:MAP_plot_scaled,0.154633336578659,0.127959137265882,1.20845873051919,0.226870860875435,0.405433245619788,-0.0961665724624702,Diversity,Plot,plot_formula_32,shannon_plot,non significant,TRUE
fixed,cond,n_herbi_sp_reserve_scaled,0.404189756901123,0.589218354144835,0.685976181933005,0.492728128112722,1.559057731025,-0.750678217222754,Diversity,Plot,plot_formula_33,species_per_plot,non significant,TRUE
fixed,cond,MAP_plot_scaled,1.06868959529507,0.666470132513486,1.60350710881022,0.108822740925673,2.3749710550215,-0.237591864431366,Diversity,Plot,plot_formula_33,species_per_plot,non significant,TRUE
fixed,cond,n_herbi_sp_reserve_scaled:MAP_plot_scaled,1.07454418889384,1.14959598868655,0.93471462972095,0.349935385376342,3.32775232671947,-1.1786639489318,Diversity,Plot,plot_formula_33,species_per_plot,non significant,TRUE
fixed,cond,herbi_biomass_ha_scaled,3.12447474255905,1.86167176878535,1.67831665868663,0.0932852976487458,6.77335140937832,-0.524401924260232,Life Form Specific Diversity,Site,site_formula_1,forbs_per_site,non significant,TRUE
fixed,cond,MAP_site_scaled,0.545213529510956,1.31334163304988,0.41513458173472,0.67804338505926,3.11936313028872,-2.02893607126681,Life Form Specific Diversity,Site,site_formula_1,forbs_per_site,non significant,TRUE
fixed,cond,herbi_biomass_ha_scaled:MAP_site_scaled,-4.75761843408395,3.32261857610799,-1.43188823065478,0.1521758110181,1.7547139750877,-11.2699508432556,Life Form Specific Diversity,Site,site_formula_1,forbs_per_site,non significant,TRUE
fixed,cond,herbi_biomass_ha_scaled,3.21650731104328,1.44522966742815,2.22560288065992,0.0260407930784386,6.04915745920246,0.3838571628841,Life Form Specific Diversity,Site,site_formula_2,graminoids_per_site,significant,TRUE
fixed,cond,MAP_site_scaled,0.258821859817256,1.05131318146733,0.246189113177497,0.805535842685219,2.31939569549323,-1.80175197585872,Life Form Specific Diversity,Site,site_formula_2,graminoids_per_site,non significant,TRUE
fixed,cond,herbi_biomass_ha_scaled:MAP_site_scaled,-3.94715079919254,2.53122779865275,-1.55938189415169,0.118906019055516,1.01405568616685,-8.90835728455194,Life Form Specific Diversity,Site,site_formula_2,graminoids_per_site,non significant,TRUE
fixed,cond,herbi_biomass_ha_scaled,0.109464990483683,0.147884482375466,0.740206063038857,0.459174969227503,0.399318575939595,-0.18038859497223,Diversity,Site,site_formula_3,shannon_site,non significant,TRUE
fixed,cond,MAP_site_scaled,0.107960170874035,0.106036862287363,1.01813811296547,0.308612325067583,0.315792420957268,-0.0998720792091969,Diversity,Site,site_formula_3,shannon_site,non significant,TRUE
fixed,cond,herbi_biomass_ha_scaled:MAP_site_scaled,-0.159664038494426,0.259773620193422,-0.614627606819906,0.538800678445268,0.349492257084681,-0.668820334073533,Diversity,Site,site_formula_3,shannon_site,non significant,TRUE
fixed,cond,herbi_biomass_ha_scaled,0.0285445079309844,0.269285685412526,0.106000836573456,0.915581688437621,0.556344451339536,-0.499255435477567,Structure,Site,site_formula_4,site_adj_mean_3d,non significant,TRUE
fixed,cond,MAP_site_scaled,0.170122049723773,0.196233333341379,0.866937572873102,0.38597621535469,0.554739383072875,-0.214495283625329,Structure,Site,site_formula_4,site_adj_mean_3d,non significant,TRUE
fixed,cond,herbi_biomass_ha_scaled:MAP_site_scaled,-0.214533926263367,0.467252381115639,-0.4591392894588,0.646134144055852,0.701280740723285,-1.13034859325002,Structure,Site,site_formula_4,site_adj_mean_3d,non significant,TRUE
fixed,cond,herbi_biomass_ha_scaled,4.81570243574404,13.6116213811912,0.353793446120861,0.723493685485616,31.4944803428789,-21.8630754713908,Structure,Site,site_formula_5,site_adj_mean_3d_woody,non significant,TRUE
fixed,cond,MAP_site_scaled,21.1770340817778,9.60250207469886,2.20536625944358,0.0274284036981495,39.9979381481876,2.35613001536805,Structure,Site,site_formula_5,site_adj_mean_3d_woody,significant,TRUE
fixed,cond,herbi_biomass_ha_scaled:MAP_site_scaled,-7.58000354274185,24.2933381723255,-0.312019842187718,0.755025443717411,40.0349392750161,-55.1949463604998,Structure,Site,site_formula_5,site_adj_mean_3d_woody,non significant,TRUE
fixed,cond,herbi_biomass_ha_scaled,-0.0132586745113928,0.0412980892324777,-0.32104813461844,0.748173913899359,0.0676855803842635,-0.0942029294070491,Resilience,Site,site_formula_6,site_berger_parker,non significant,TRUE
fixed,cond,MAP_site_scaled,-0.0173267283565183,0.0294916304502623,-0.587513409465098,0.556858947197258,0.0404768673259958,-0.0751303240390324,Resilience,Site,site_formula_6,site_berger_parker,non significant,TRUE
fixed,cond,herbi_biomass_ha_scaled:MAP_site_scaled,0.0463958889989478,0.0738778880405204,0.628007787303025,0.52999883861942,0.191196549558368,-0.0984047715604721,Resilience,Site,site_formula_6,site_berger_parker,non significant,TRUE
fixed,cond,herbi_biomass_ha_scaled,-0.0309675882445706,0.0403619170681174,-0.767247705115387,0.442934254289579,0.0481417692089395,-0.110076945698081,Resilience,Site,site_formula_7,site_max_cover_ms,non significant,TRUE
fixed,cond,MAP_site_scaled,-0.0236080103335749,0.029153734871214,-0.809776532504764,0.418068622582019,0.0335333100140045,-0.0807493306811544,Resilience,Site,site_formula_7,site_max_cover_ms,non significant,TRUE
fixed,cond,herbi_biomass_ha_scaled:MAP_site_scaled,0.0337799655338903,0.0705045413191782,0.479117584510853,0.631854980672057,0.17196886651948,-0.104408935451699,Resilience,Site,site_formula_7,site_max_cover_ms,non significant,TRUE
fixed,cond,herbi_biomass_ha_scaled,-0.144300946943923,0.339197069526638,-0.425419202899661,0.670531109872664,0.520525309328287,-0.809127203216133,Resilience,Site,site_formula_8,site_plant_fun_div_distq1,non significant,TRUE
fixed,cond,MAP_site_scaled,0.308376712733159,0.242055308415372,1.27399276947059,0.202665978682317,0.782805117227287,-0.16605169176097,Resilience,Site,site_formula_8,site_plant_fun_div_distq1,non significant,TRUE
fixed,cond,herbi_biomass_ha_scaled:MAP_site_scaled,0.121379289259633,0.597671826535585,0.203086851129006,0.839067148859669,1.29281606926938,-1.05005749075011,Resilience,Site,site_formula_8,site_plant_fun_div_distq1,non significant,TRUE
fixed,cond,herbi_biomass_ha_scaled,0.00044534710905438,0.0165814794890385,0.026858104510444,0.978572909209419,0.0329450469075699,-0.0320543526894611,Resilience,Site,site_formula_9,site_plant_fun_red,non significant,TRUE
fixed,cond,MAP_site_scaled,0.00234096396893225,0.0117995592251923,0.198394187804427,0.842736664528568,0.0254681000503091,-0.0207861721124446,Resilience,Site,site_formula_9,site_plant_fun_red,non significant,TRUE
fixed,cond,herbi_biomass_ha_scaled:MAP_site_scaled,0.0156307439393784,0.0300776214499844,0.519680186991199,0.603286498504108,0.0745828819813477,-0.043321394102591,Resilience,Site,site_formula_9,site_plant_fun_red,non significant,TRUE
fixed,cond,herbi_biomass_ha_scaled,0.158723793403527,0.140713288996668,1.12799433895178,0.259322309942789,0.434521839836996,-0.117074253029942,Structure,Site,site_formula_10,site_sd_adj_mean_3d,non significant,TRUE
fixed,cond,MAP_site_scaled,-0.247046303772571,0.0992680894940375,-2.48867793297674,0.0128219058999087,-0.0524808483642578,-0.441611759180885,Structure,Site,site_formula_10,site_sd_adj_mean_3d,significant,TRUE
fixed,cond,herbi_biomass_ha_scaled:MAP_site_scaled,-0.398635507127145,0.251138010641024,-1.58731649625494,0.112440980920231,0.0935949937292619,-0.890866007983552,Structure,Site,site_formula_10,site_sd_adj_mean_3d,non significant,TRUE
fixed,cond,herbi_biomass_ha_scaled,0.00897775309478054,0.0179003706402963,0.501540067252592,0.615991086727731,0.0440624795497613,-0.0261069733602002,Diversity,Site,site_formula_11,site_sor_beta_div,non significant,TRUE
fixed,cond,MAP_site_scaled,-0.00298632269318335,0.0126280581402862,-0.236483128285286,0.813057797730359,0.0217646712617777,-0.0277373166481444,Diversity,Site,site_formula_11,site_sor_beta_div,non significant,TRUE
fixed,cond,herbi_biomass_ha_scaled:MAP_site_scaled,-0.0625347892617385,0.0319476824429285,-1.95741238424574,0.0502990036326642,8.26683264014139e-05,-0.125152246849878,Diversity,Site,site_formula_11,site_sor_beta_div,non significant,TRUE
fixed,cond,herbi_biomass_ha_scaled,2.23973831252578,3.38787225900408,0.661104711540745,0.508545163971536,8.87996794017378,-4.40049131512221,Diversity,Site,site_formula_12,species_per_site,non significant,TRUE
fixed,cond,MAP_site_scaled,2.26388223288471,2.38008687632276,0.951176301758538,0.341514886361547,6.92885251047732,-2.40108804470789,Diversity,Site,site_formula_12,species_per_site,non significant,TRUE
fixed,cond,herbi_biomass_ha_scaled:MAP_site_scaled,-3.18027685222092,6.03020768206509,-0.527390932434986,0.597922139046657,8.63893020462665,-14.9994839090685,Diversity,Site,site_formula_12,species_per_site,non significant,TRUE
fixed,cond,herbi_biomass_ha_scaled,-3.89177643487991,1.39185538986368,-2.79610688238314,0.00517222921032401,-1.16373987074709,-6.61981299901272,Life Form Specific Diversity,Site,site_formula_13,woodies_per_site,significant,TRUE
fixed,cond,MAP_site_scaled,1.25598219702171,0.981903176534759,1.27913039395004,0.200851142124353,3.18051242302984,-0.668548028986422,Life Form Specific Diversity,Site,site_formula_13,woodies_per_site,non significant,TRUE
fixed,cond,herbi_biomass_ha_scaled:MAP_site_scaled,5.1316830288989,2.48411359061242,2.06580047236639,0.0388473234914717,10.0005456664992,0.262820391298551,Life Form Specific Diversity,Site,site_formula_13,woodies_per_site,significant,TRUE
fixed,cond,nEventsDay_scaled,1.67277077978548,0.952515895656542,1.75616048762366,0.0790610092863363,3.53970193527231,-0.19416037570134,Life Form Specific Diversity,Site,site_formula_14,forbs_per_site,non significant,TRUE
fixed,cond,MAP_site_scaled,1.28723308121879,0.99406459532654,1.29491894920164,0.195348190875219,3.23559968805881,-0.661133525621225,Life Form Specific Diversity,Site,site_formula_14,forbs_per_site,non significant,TRUE
fixed,cond,nEventsDay_scaled:MAP_site_scaled,-1.24581379850387,1.29425509090584,-0.962572067328651,0.335762320837731,1.29092617967158,-3.78255377667932,Life Form Specific Diversity,Site,site_formula_14,forbs_per_site,non significant,TRUE
fixed,cond,nEventsDay_scaled,1.43629104169946,0.705201702668941,2.03670954886184,0.0416791570592728,2.81848637893058,0.054095704468333,Life Form Specific Diversity,Site,site_formula_15,graminoids_per_site,significant,TRUE
fixed,cond,MAP_site_scaled,1.07482399233878,0.756591859072686,1.42061268496351,0.155429388726385,2.55774403612125,-0.408096051443683,Life Form Specific Diversity,Site,site_formula_15,graminoids_per_site,non significant,TRUE
fixed,cond,nEventsDay_scaled:MAP_site_scaled,-0.87147141472112,0.917310761819205,-0.950028551930235,0.342097745060809,0.926457678444521,-2.66940050788676,Life Form Specific Diversity,Site,site_formula_15,graminoids_per_site,non significant,TRUE
fixed,cond,nEventsDay_scaled,0.103409062806075,0.0687690565405119,1.50371501381811,0.132654761725467,0.238196413625478,-0.0313782880133288,Diversity,Site,site_formula_16,shannon_site,non significant,TRUE
fixed,cond,MAP_site_scaled,0.123712913252677,0.0718118705502736,1.72273625940531,0.0849362300926829,0.264464179531213,-0.0170383530258596,Diversity,Site,site_formula_16,shannon_site,non significant,TRUE
fixed,cond,nEventsDay_scaled:MAP_site_scaled,-0.0513935448297616,0.0932314209495116,-0.551247039960843,0.581464337671376,0.131340040231281,-0.234127129890804,Diversity,Site,site_formula_16,shannon_site,non significant,TRUE
fixed,cond,nEventsDay_scaled,0.368911807032214,0.112094912251509,3.29106646878389,0.000998083270861129,0.588617835045171,0.149205779019256,Structure,Site,site_formula_17,site_adj_mean_3d,significant,TRUE
fixed,cond,MAP_site_scaled,0.113535144994154,0.126900529961346,0.894678257283372,0.370959104807139,0.362260183718392,-0.135189893730085,Structure,Site,site_formula_17,site_adj_mean_3d,non significant,TRUE
fixed,cond,nEventsDay_scaled:MAP_site_scaled,0.0260001631582368,0.148855969804674,0.174666579999135,0.861341629329433,0.317757863975397,-0.265757537658923,Structure,Site,site_formula_17,site_adj_mean_3d,non significant,TRUE
fixed,cond,nEventsDay_scaled,16.7943172168004,6.49800402462039,2.58453475146647,0.00975104773532574,29.5304051050563,4.05822932854439,Structure,Site,site_formula_18,site_adj_mean_3d_woody,significant,TRUE
fixed,cond,MAP_site_scaled,16.2267465376509,6.78144666317864,2.39281488797333,0.0167196742076211,29.518381997481,2.93511107782075,Structure,Site,site_formula_18,site_adj_mean_3d_woody,significant,TRUE
fixed,cond,nEventsDay_scaled:MAP_site_scaled,-12.2587115215131,8.82932751550394,-1.38840829043745,0.165012753309663,5.04677040887459,-29.5641934519009,Structure,Site,site_formula_18,site_adj_mean_3d_woody,non significant,TRUE
fixed,cond,nEventsDay_scaled,-0.0296400373185239,0.0193817451232438,-1.5292759826347,0.126196041027725,0.00834818312303396,-0.0676282577600818,Resilience,Site,site_formula_19,site_berger_parker,non significant,TRUE
fixed,cond,MAP_site_scaled,-0.0225139012367356,0.0206118418846319,-1.09227993125262,0.274710078608651,0.017885308857143,-0.0629131113306142,Resilience,Site,site_formula_19,site_berger_parker,non significant,TRUE
fixed,cond,nEventsDay_scaled:MAP_site_scaled,-0.00662704330990479,0.0269640736617127,-0.245773075427945,0.805857900568607,0.0462225410670521,-0.0594766276868617,Resilience,Site,site_formula_19,site_berger_parker,non significant,TRUE
fixed,cond,nEventsDay_scaled,-0.0296613303753888,0.0189689309294446,-1.56367960248866,0.117892830289869,0.00751777424632255,-0.0668404349971002,Resilience,Site,site_formula_20,site_max_cover_ms,non significant,TRUE
fixed,cond,MAP_site_scaled,-0.0276314610602648,0.020214893858049,-1.36688627970523,0.171660953178895,0.0119897309015113,-0.0672526530220408,Resilience,Site,site_formula_20,site_max_cover_ms,non significant,TRUE
fixed,cond,nEventsDay_scaled:MAP_site_scaled,0.00878558066372145,0.0253123211760819,0.347087120244947,0.728525869306162,0.0583977301688419,-0.040826568841399,Resilience,Site,site_formula_20,site_max_cover_ms,non significant,TRUE
fixed,cond,nEventsDay_scaled,-0.00422152765189454,0.168776558139224,-0.0250125236492392,0.98004497430686,0.326580526300985,-0.335023581604774,Resilience,Site,site_formula_21,site_plant_fun_div_distq1,non significant,TRUE
fixed,cond,MAP_site_scaled,0.279542850514708,0.192282058208219,1.45381661253072,0.145997156451819,0.656415684602818,-0.0973299835734012,Resilience,Site,site_formula_21,site_plant_fun_div_distq1,non significant,TRUE
fixed,cond,nEventsDay_scaled:MAP_site_scaled,0.0982179166266219,0.232840752318181,0.42182442570193,0.67315317572,0.554585791170256,-0.358149957917013,Resilience,Site,site_formula_21,site_plant_fun_div_distq1,non significant,TRUE
fixed,cond,nEventsDay_scaled,0.017041145784604,0.00622613933457692,2.73703251226098,0.00619961655675335,0.0292443788803748,0.00483791268883323,Resilience,Site,site_formula_22,site_plant_fun_red,significant,TRUE
fixed,cond,MAP_site_scaled,-0.00857804048417184,0.00649772323696372,-1.32016095043473,0.186781286516245,0.00415749706027705,-0.0213135780286207,Resilience,Site,site_formula_22,site_plant_fun_red,non significant,TRUE
fixed,cond,nEventsDay_scaled:MAP_site_scaled,-0.0133826209307093,0.0084599244560808,-1.58188421187263,0.11367600578855,0.00319883100320902,-0.0299640728646277,Resilience,Site,site_formula_22,site_plant_fun_red,non significant,TRUE
fixed,cond,nEventsDay_scaled,0.084821492880685,0.0738510505538083,1.14854822300576,0.250742317565646,0.229569551966149,-0.0599265662047792,Structure,Site,site_formula_23,site_sd_adj_mean_3d,non significant,TRUE
fixed,cond,MAP_site_scaled,-0.1552502067156,0.0770724298598208,-2.01434166533958,0.0439736743560597,-0.00418824419035085,-0.306312169240848,Structure,Site,site_formula_23,site_sd_adj_mean_3d,significant,TRUE
fixed,cond,nEventsDay_scaled:MAP_site_scaled,0.0504517058530651,0.100346984794698,0.502772514353924,0.615124220115621,0.247131796050672,-0.146228384344542,Structure,Site,site_formula_23,site_sd_adj_mean_3d,non significant,TRUE
fixed,cond,nEventsDay_scaled,-0.00780365873737026,0.0103279187335615,-0.755588704625604,0.449895830263644,0.0124390619804103,-0.0280463794551508,Diversity,Site,site_formula_24,site_sor_beta_div,non significant,TRUE
fixed,cond,MAP_site_scaled,0.00778916247510699,0.0120649736279187,0.645601284787115,0.518537605078045,0.0314365107858277,-0.0158581858356137,Diversity,Site,site_formula_24,site_sor_beta_div,non significant,TRUE
fixed,cond,nEventsDay_scaled:MAP_site_scaled,-0.00839719845321016,0.0139326489670339,-0.60269934834925,0.546708715153476,0.0189107935221762,-0.0357051904285965,Diversity,Site,site_formula_24,site_sor_beta_div,non significant,TRUE
fixed,cond,nEventsDay_scaled,2.68372637142746,1.715194668539,1.56467742155091,0.11765856517158,6.0455079217639,-0.678055178908979,Diversity,Site,site_formula_25,species_per_site,non significant,TRUE
fixed,cond,MAP_site_scaled,1.97823263924907,1.79001138326953,1.10515087096024,0.26909422081176,5.48665495045734,-1.53018967195921,Diversity,Site,site_formula_25,species_per_site,non significant,TRUE
fixed,cond,nEventsDay_scaled:MAP_site_scaled,-2.5680779750815,2.33056418735865,-1.10191257078915,0.270499682941412,1.99982783214146,-7.13598378230445,Diversity,Site,site_formula_25,species_per_site,non significant,TRUE
fixed,cond,nEventsDay_scaled,-0.527592355330939,0.788682993858594,-0.668953634653283,0.50352505493228,1.0182263126319,-2.07341102329378,Life Form Specific Diversity,Site,site_formula_26,woodies_per_site,non significant,TRUE
fixed,cond,MAP_site_scaled,-0.42490846125086,0.832529064786884,-0.510382735237755,0.609783349878614,1.20684850573143,-2.05666542823315,Life Form Specific Diversity,Site,site_formula_26,woodies_per_site,non significant,TRUE
fixed,cond,nEventsDay_scaled:MAP_site_scaled,-0.507335119015887,1.25889700765373,-0.402999702065726,0.686948443667782,1.96010301598543,-2.9747732540172,Life Form Specific Diversity,Site,site_formula_26,woodies_per_site,non significant,TRUE
fixed,cond,n_herbi_sp_reserve_scaled,-0.358519471061433,0.992147040115802,-0.361357194614608,0.717832442859729,1.58608872756554,-2.30312766968841,Life Form Specific Diversity,Site,site_formula_27,forbs_per_site,non significant,TRUE
fixed,cond,MAP_site_scaled,1.03416652430285,1.22599509531669,0.843532350376742,0.39893078090609,3.43711691112357,-1.36878386251787,Life Form Specific Diversity,Site,site_formula_27,forbs_per_site,non significant,TRUE
fixed,cond,n_herbi_sp_reserve_scaled:MAP_site_scaled,2.46686392459414,2.16976905583932,1.13692465009365,0.255569786359532,6.7196112740392,-1.78588342485092,Life Form Specific Diversity,Site,site_formula_27,forbs_per_site,non significant,TRUE
fixed,cond,n_herbi_sp_reserve_scaled,1.86893342424516,0.66271949977088,2.82009722799962,0.00480091005838871,3.16786364379608,0.57000320469423,Life Form Specific Diversity,Site,site_formula_28,graminoids_per_site,significant,TRUE
fixed,cond,MAP_site_scaled,1.44566331015073,0.822627396091533,1.75737316435043,0.078854224349444,3.05801300649014,-0.166686386188673,Life Form Specific Diversity,Site,site_formula_28,graminoids_per_site,non significant,TRUE
fixed,cond,n_herbi_sp_reserve_scaled:MAP_site_scaled,1.43125842691616,1.44966090772603,0.98730566526848,0.323492814204433,4.27259380605918,-1.41007695222686,Life Form Specific Diversity,Site,site_formula_28,graminoids_per_site,non significant,TRUE
fixed,cond,n_herbi_sp_reserve_scaled,0.0417059162098616,0.0790636562888057,0.527497944915641,0.597847843181588,0.196670682535921,-0.113258850116198,Diversity,Site,site_formula_29,shannon_site,non significant,TRUE
fixed,cond,MAP_site_scaled,0.148288010364329,0.0953213225900485,1.5556646334218,0.119787860633232,0.335117802640824,-0.0385417819121657,Diversity,Site,site_formula_29,shannon_site,non significant,TRUE
fixed,cond,n_herbi_sp_reserve_scaled:MAP_site_scaled,0.0446008320476348,0.164840012471373,0.270570423885284,0.786721445880388,0.367687256491526,-0.278485592396256,Diversity,Site,site_formula_29,shannon_site,non significant,TRUE
fixed,cond,n_herbi_sp_reserve_scaled,0.0819404931180588,0.157221713161008,0.521177968809848,0.602242800068772,0.390095050913635,-0.226214064677518,Structure,Site,site_formula_30,site_adj_mean_3d,non significant,TRUE
fixed,cond,MAP_site_scaled,0.381554112501939,0.191348396588134,1.99402827149481,0.0461489649954086,0.756596969814682,0.00651125518919676,Structure,Site,site_formula_30,site_adj_mean_3d,significant,TRUE
fixed,cond,n_herbi_sp_reserve_scaled:MAP_site_scaled,-0.411505515896798,0.323339778841635,-1.27267210168516,0.203134421355856,0.222240450632808,-1.0452514824264,Structure,Site,site_formula_30,site_adj_mean_3d,non significant,TRUE
fixed,cond,n_herbi_sp_reserve_scaled,8.32833399091731,6.98070106339618,1.19305123013898,0.232849309963342,22.0105080751738,-5.35384009333921,Structure,Site,site_formula_31,site_adj_mean_3d_woody,non significant,TRUE
fixed,cond,MAP_site_scaled,29.863516436202,8.62604525536651,3.46201712976443,0.000536143030248575,46.7705651367204,12.9564677356837,Structure,Site,site_formula_31,site_adj_mean_3d_woody,significant,TRUE
fixed,cond,n_herbi_sp_reserve_scaled:MAP_site_scaled,-13.6612278905686,15.2663955462074,-0.894856146574981,0.370863991786653,16.2609073799979,-43.583363161135,Structure,Site,site_formula_31,site_adj_mean_3d_woody,non significant,TRUE
fixed,cond,n_herbi_sp_reserve_scaled,0.000465155091528279,0.0202973436898297,0.0229170426749659,0.981716445876931,0.0402479487235946,-0.039317638540538,Resilience,Site,site_formula_32,site_berger_parker,non significant,TRUE
fixed,cond,MAP_site_scaled,-0.0425423030486709,0.0251731976370442,-1.68998407203012,0.0910310019212497,0.00679716431993575,-0.0918817704172776,Resilience,Site,site_formula_32,site_berger_parker,non significant,TRUE
fixed,cond,n_herbi_sp_reserve_scaled:MAP_site_scaled,0.0372081058252131,0.0440779027638838,0.844144196799226,0.398588832989687,0.123600795242425,-0.0491845835919992,Resilience,Site,site_formula_32,site_berger_parker,non significant,TRUE
fixed,cond,n_herbi_sp_reserve_scaled,-0.0171103481488345,0.0219082682273757,-0.780999573825469,0.434802745363129,0.0258298575768219,-0.0600505538744909,Resilience,Site,site_formula_33,site_max_cover_ms,non significant,TRUE
fixed,cond,MAP_site_scaled,-0.0332780037166337,0.0264257174981721,-1.25930369606561,0.207920658744,0.0185164025797836,-0.0850724100130511,Resilience,Site,site_formula_33,site_max_cover_ms,non significant,TRUE
fixed,cond,n_herbi_sp_reserve_scaled:MAP_site_scaled,-0.0142081721284013,0.0452099627174689,-0.314270821614974,0.753315357344019,0.0744033547978378,-0.10281969905464,Resilience,Site,site_formula_33,site_max_cover_ms,non significant,TRUE
fixed,cond,n_herbi_sp_reserve_scaled,-0.185136634465917,0.178120230425871,-1.0393913932363,0.298622745204983,0.163979017168791,-0.534252286100624,Resilience,Site,site_formula_34,site_plant_fun_div_distq1,non significant,TRUE
fixed,cond,MAP_site_scaled,0.296086530688979,0.217850552319674,1.35912683046358,0.174106402120682,0.723073613235541,-0.130900551857583,Resilience,Site,site_formula_34,site_plant_fun_div_distq1,non significant,TRUE
fixed,cond,n_herbi_sp_reserve_scaled:MAP_site_scaled,-0.170051947628013,0.379204221418486,-0.448444236701535,0.653832622126002,0.573188326352219,-0.913292221608244,Resilience,Site,site_formula_34,site_plant_fun_div_distq1,non significant,TRUE
fixed,cond,n_herbi_sp_reserve_scaled,0.0108351854872856,0.00656307678322173,1.65093078218822,0.0987527094657496,0.0236988159824002,-0.00202844500782896,Resilience,Site,site_formula_35,site_plant_fun_red,non significant,TRUE
fixed,cond,MAP_site_scaled,-0.0120704019644645,0.00810998738827192,-1.48833794512675,0.136661792794012,0.00382517331654849,-0.0279659772454774,Resilience,Site,site_formula_35,site_plant_fun_red,non significant,TRUE
fixed,cond,n_herbi_sp_reserve_scaled:MAP_site_scaled,0.0336887492374997,0.0143530750123223,2.3471450688147,0.0189178875494916,0.0618207762616514,0.00555672221334801,Resilience,Site,site_formula_35,site_plant_fun_red,significant,TRUE
fixed,cond,n_herbi_sp_reserve_scaled,0.0073064218865159,0.0753477079807966,0.096969398038996,0.922750696719524,0.154987929528877,-0.140375085755845,Structure,Site,site_formula_36,site_sd_adj_mean_3d,non significant,TRUE
fixed,cond,MAP_site_scaled,-0.0802560604498602,0.0931070866929218,-0.861975852757096,0.388700805910722,0.102233829468267,-0.262745950367987,Structure,Site,site_formula_36,site_sd_adj_mean_3d,non significant,TRUE
fixed,cond,n_herbi_sp_reserve_scaled:MAP_site_scaled,-0.170326318604002,0.164781145007918,-1.03365174817676,0.301298998088264,0.152644725611517,-0.493297362819521,Structure,Site,site_formula_36,site_sd_adj_mean_3d,non significant,TRUE
fixed,cond,n_herbi_sp_reserve_scaled,0.00117638563483107,0.011786645515619,0.0998066526453337,0.920497826378896,0.0242782108454443,-0.0219254395757822,Diversity,Site,site_formula_37,site_sor_beta_div,non significant,TRUE
fixed,cond,MAP_site_scaled,0.0105194658561741,0.015389689493539,0.683539837538011,0.494265786093525,0.0406832572635106,-0.0196443255511624,Diversity,Site,site_formula_37,site_sor_beta_div,non significant,TRUE
fixed,cond,n_herbi_sp_reserve_scaled:MAP_site_scaled,-0.00636149322999735,0.0260372683915952,-0.244322604595912,0.806980977926574,0.0446715528175293,-0.057394539277524,Diversity,Site,site_formula_37,site_sor_beta_div,non significant,TRUE
fixed,cond,n_herbi_sp_reserve_scaled,0.0155238648057299,1.75998449981367,0.00882045541160923,0.992962386062848,3.46509348444053,-3.43404575482907,Diversity,Site,site_formula_38,species_per_site,non significant,TRUE
fixed,cond,MAP_site_scaled,0.85993274886418,2.17481107014905,0.395405725429402,0.692543484329824,5.12256244635632,-3.40269694862796,Diversity,Site,site_formula_38,species_per_site,non significant,TRUE
fixed,cond,n_herbi_sp_reserve_scaled:MAP_site_scaled,6.44317403640949,3.84898582895589,1.67399266267429,0.0941320413816371,13.987186261163,-1.10083818834406,Diversity,Site,site_formula_38,species_per_site,non significant,TRUE
fixed,cond,n_herbi_sp_reserve_scaled,-1.49493642035414,0.727095154136339,-2.05603958690918,0.0397787006000272,-0.0698299182469202,-2.92004292246137,Life Form Specific Diversity,Site,site_formula_39,woodies_per_site,significant,TRUE
fixed,cond,MAP_site_scaled,-1.6201200313886,0.898470747935467,-1.80319730510021,0.0713572335710988,0.14088263456491,-3.38112269734212,Life Form Specific Diversity,Site,site_formula_39,woodies_per_site,non significant,TRUE
fixed,cond,n_herbi_sp_reserve_scaled:MAP_site_scaled,2.54495213570019,1.59011569059303,1.60048237417936,0.109491613994792,5.66157888926252,-0.571674617862146,Life Form Specific Diversity,Site,site_formula_39,woodies_per_site,non significant,TRUE
fixed,cond,herbi_biomass_ha_scaled,8.51599896065416,3.11778772325253,2.73142359793826,0.00630613605622774,14.6268628982291,2.4051350230792,Life Form Specific Diversity,Reserve,reserve_formula_1,forbs_per_reserve,significant,TRUE
fixed,cond,MAP_scaled,5.26099478843738,2.0709837418658,2.5403361127778,0.0110745982848937,9.32012292249434,1.20186665438041,Life Form Specific Diversity,Reserve,reserve_formula_1,forbs_per_reserve,significant,TRUE
fixed,cond,herbi_biomass_ha_scaled:MAP_scaled,-0.775576320223735,5.14724559388594,-0.150677931735954,0.880229782379258,9.31302504379271,-10.8641776842402,Life Form Specific Diversity,Reserve,reserve_formula_1,forbs_per_reserve,non significant,TRUE
fixed,cond,herbi_biomass_ha_scaled,8.25811717139144,3.48055865247763,2.37264129007363,0.0176614068175854,15.0800121302476,1.43622221253529,Life Form Specific Diversity,Reserve,reserve_formula_2,graminoids_per_reserve,significant,TRUE
fixed,cond,MAP_scaled,2.99991997630859,2.31195354582401,1.29756931393679,0.194435372464763,7.53134892612365,-1.53150897350647,Life Form Specific Diversity,Reserve,reserve_formula_2,graminoids_per_reserve,non significant,TRUE
fixed,cond,herbi_biomass_ha_scaled:MAP_scaled,-8.55767120963606,5.74615457448002,-1.48928663486406,0.136411905626942,2.70479175634478,-19.8201341756169,Life Form Specific Diversity,Reserve,reserve_formula_2,graminoids_per_reserve,non significant,TRUE
fixed,cond,herbi_biomass_ha_scaled,0.206913362778108,0.292244560446071,0.70801441936946,0.478936303089472,0.779712701252406,-0.365885975696191,Structure,Reserve,reserve_formula_3,reserve_adj_mean_3d,non significant,TRUE
fixed,cond,MAP_scaled,0.0271999569485411,0.194122816258285,0.140117259129143,0.88856734430266,0.407680676814779,-0.353280762917697,Structure,Reserve,reserve_formula_3,reserve_adj_mean_3d,non significant,TRUE
fixed,cond,herbi_biomass_ha_scaled:MAP_scaled,-0.523452673721117,0.482474966103021,-1.08493229804041,0.277951641789397,0.422198259840803,-1.46910360728304,Structure,Reserve,reserve_formula_3,reserve_adj_mean_3d,non significant,TRUE
fixed,cond,herbi_biomass_ha_scaled,16.8839173630153,8.47084465591998,1.99317990694301,0.0462417505108198,33.4867728886185,0.281061837412118,Structure,Reserve,reserve_formula_4,reserve_adj_mean_3d_woody,significant,TRUE
fixed,cond,MAP_scaled,13.9898484445444,5.62674021437097,2.48631497306622,0.0129073669624977,25.0182592647115,2.9614376243773,Structure,Reserve,reserve_formula_4,reserve_adj_mean_3d_woody,significant,TRUE
fixed,cond,herbi_biomass_ha_scaled:MAP_scaled,-30.6290068882916,13.9847615367137,-2.19017012252103,0.0285119011983607,-3.21887427633273,-58.0391395002505,Structure,Reserve,reserve_formula_4,reserve_adj_mean_3d_woody,significant,TRUE
fixed,cond,herbi_biomass_ha_scaled,0.00603635206340611,0.0475446052442663,0.126961871539234,0.898970576380453,0.0992237783421681,-0.0871510742153559,Resilience,Reserve,reserve_formula_5,reserve_berger_parker,non significant,TRUE
fixed,cond,MAP_scaled,-0.0134609317235795,0.0315814010492356,-0.426229719909948,0.669940463362249,0.0484386143329224,-0.0753604777800813,Resilience,Reserve,reserve_formula_5,reserve_berger_parker,non significant,TRUE
fixed,cond,herbi_biomass_ha_scaled:MAP_scaled,0.0181357022335712,0.0784927588338831,0.231049366884305,0.817276450197986,0.171981509547982,-0.13571010508084,Resilience,Reserve,reserve_formula_5,reserve_berger_parker,non significant,TRUE
fixed,cond,herbi_biomass_ha_scaled,-0.0254195380265361,0.0568470760051505,-0.447156473346721,0.654762086215484,0.0860007309435589,-0.136839806996631,Resilience,Reserve,reserve_formula_6,reserve_max_cover_ms,non significant,TRUE
fixed,cond,MAP_scaled,-0.0254509488958255,0.0377605471024852,-0.674009008046137,0.500305586715171,0.0485597234250455,-0.0994616212166965,Resilience,Reserve,reserve_formula_6,reserve_max_cover_ms,non significant,TRUE
fixed,cond,herbi_biomass_ha_scaled:MAP_scaled,0.0332343639758184,0.0938504758712215,0.354120356527776,0.723248686995472,0.217181296683412,-0.150712568731776,Resilience,Reserve,reserve_formula_6,reserve_max_cover_ms,non significant,TRUE
fixed,cond,herbi_biomass_ha_scaled,-0.0456030176755468,0.377227552968862,-0.120889943792921,0.903778207442034,0.693762986143423,-0.784969021494517,Resilience,Reserve,reserve_formula_7,reserve_plant_fun_div_distq1,non significant,TRUE
fixed,cond,MAP_scaled,0.149497710327087,0.250572584963609,0.596624368738498,0.550758197767193,0.640619976855761,-0.341624556201587,Resilience,Reserve,reserve_formula_7,reserve_plant_fun_div_distq1,non significant,TRUE
fixed,cond,herbi_biomass_ha_scaled:MAP_scaled,0.120707239743231,0.622775837312251,0.193821327853973,0.846315786468399,1.34134788087524,-1.09993340138878,Resilience,Reserve,reserve_formula_7,reserve_plant_fun_div_distq1,non significant,TRUE
fixed,cond,herbi_biomass_ha_scaled,0.0619135137960355,0.0215165975968589,2.87747695783808,0.00400869185294169,0.104086045085879,0.0197409825061921,Resilience,Reserve,reserve_formula_8,reserve_plant_fun_red,significant,TRUE
fixed,cond,MAP_scaled,-0.0330704566180346,0.0142923533475634,-2.31385663465091,0.0206755875351824,-0.00505744405681043,-0.0610834691792588,Resilience,Reserve,reserve_formula_8,reserve_plant_fun_red,significant,TRUE
fixed,cond,herbi_biomass_ha_scaled:MAP_scaled,-0.0732414433561403,0.0355223709907609,-2.06183994236167,0.0392229769209743,-0.00361759621424899,-0.142865290498032,Resilience,Reserve,reserve_formula_8,reserve_plant_fun_red,significant,TRUE
fixed,cond,herbi_biomass_ha_scaled,0.141730721638521,0.0733532307489432,1.93216740682635,0.0533388466549739,0.285503053906449,-0.00204161062940827,Structure,Reserve,reserve_formula_9,reserve_sd_adj_mean_3d,non significant,TRUE
fixed,cond,MAP_scaled,-0.19738378897312,0.0487247246378162,-4.05099855238436,5.09995230647609e-05,-0.101883328683,-0.292884249263239,Structure,Reserve,reserve_formula_9,reserve_sd_adj_mean_3d,significant,TRUE
fixed,cond,herbi_biomass_ha_scaled:MAP_scaled,-0.336219499252826,0.121100962375907,-2.77635695585288,0.00549718185284627,-0.0988616129960491,-0.573577385509604,Structure,Reserve,reserve_formula_9,reserve_sd_adj_mean_3d,significant,TRUE
fixed,cond,herbi_biomass_ha_scaled,0.067225894549232,0.0312234468430883,2.15305808122569,0.0313141141510248,0.128423850361685,0.00602793873677893,Diversity,Reserve,reserve_formula_10,reserve_sor_beta_div,significant,TRUE
fixed,cond,MAP_scaled,-0.0249259597120447,0.0207401069337862,-1.20182406925972,0.229431697964797,0.0157246498781762,-0.0655765693022657,Diversity,Reserve,reserve_formula_10,reserve_sor_beta_div,non significant,TRUE
fixed,cond,herbi_biomass_ha_scaled:MAP_scaled,-0.0649172457370561,0.0515476881220351,-1.25936289486678,0.207899285288302,0.0361162229821326,-0.165950714456245,Diversity,Reserve,reserve_formula_10,reserve_sor_beta_div,non significant,TRUE
fixed,cond,herbi_biomass_ha_scaled,0.159436903243598,0.184970686641974,0.861957676311174,0.388710808478838,0.521979449061867,-0.203105642574671,Diversity,Reserve,reserve_formula_11,shannon_reserve,non significant,TRUE
fixed,cond,MAP_scaled,0.152928554040555,0.122866377945102,1.24467373905077,0.213251702845796,0.393746654812955,-0.0878895467318453,Diversity,Reserve,reserve_formula_11,shannon_reserve,non significant,TRUE
fixed,cond,herbi_biomass_ha_scaled:MAP_scaled,-0.167548551803661,0.305373436656653,-0.548667734947896,0.583233492399532,0.430983384043379,-0.7660804876507,Diversity,Reserve,reserve_formula_11,shannon_reserve,non significant,TRUE
fixed,cond,herbi_biomass_ha_scaled,12.5905469240218,6.82625239808272,1.84443032425201,0.0651204513744966,25.9700016242639,-0.788907776220333,Diversity,Reserve,reserve_formula_12,species_per_reserve,non significant,TRUE
fixed,cond,MAP_scaled,7.69644769696853,4.53432336938583,1.69737512523528,0.0896257622799417,16.5837215009648,-1.1908261070277,Diversity,Reserve,reserve_formula_12,species_per_reserve,non significant,TRUE
fixed,cond,herbi_biomass_ha_scaled:MAP_scaled,-3.36847477549312,11.2696567879405,-0.298897725004161,0.765018082989538,18.7200525288702,-25.4570020798565,Diversity,Reserve,reserve_formula_12,species_per_reserve,non significant,TRUE
fixed,cond,herbi_biomass_ha_scaled,-4.18355403835739,1.21055239473227,-3.45590497079035,0.000548448640562929,-1.81087134468215,-6.55623673203263,Life Form Specific Diversity,Reserve,reserve_formula_13,woodies_per_reserve,significant,TRUE
fixed,cond,MAP_scaled,-0.564476235081922,0.804106806076783,-0.701991614566711,0.482684392895267,1.01157310482857,-2.14052557499242,Life Form Specific Diversity,Reserve,reserve_formula_13,woodies_per_reserve,non significant,TRUE
fixed,cond,herbi_biomass_ha_scaled:MAP_scaled,5.96475180035496,1.99853583150662,2.98456085015918,0.00283985710363151,9.88188203010793,2.047621570602,Life Form Specific Diversity,Reserve,reserve_formula_13,woodies_per_reserve,significant,TRUE
fixed,cond,nEventsDayReserve_scaled,7.71825358349611,2.58764506145449,2.98273271650237,0.00285687365618014,12.7900379039469,2.6464692630453,Life Form Specific Diversity,Reserve,reserve_formula_14,forbs_per_reserve,significant,TRUE
fixed,cond,MAP_scaled,5.42698046826083,2.25957868677541,2.40176653285995,0.0163161180306852,9.85575469434064,0.99820624218102,Life Form Specific Diversity,Reserve,reserve_formula_14,forbs_per_reserve,significant,TRUE
fixed,cond,nEventsDayReserve_scaled:MAP_scaled,3.26116656655973,3.71555991441579,0.877705283100649,0.380103676713015,10.5436639988147,-4.02133086569521,Life Form Specific Diversity,Reserve,reserve_formula_14,forbs_per_reserve,non significant,TRUE
fixed,cond,nEventsDayReserve_scaled,6.39753470695352,1.68282383858496,3.80166631840267,0.000143726209111136,9.69586943058004,3.09919998332701,Life Form Specific Diversity,Reserve,reserve_formula_15,graminoids_per_reserve,significant,TRUE
fixed,cond,MAP_scaled,4.4876336172115,1.46947235380606,3.05390816342216,0.00225881216577035,7.36779943067137,1.60746780375163,Life Form Specific Diversity,Reserve,reserve_formula_15,graminoids_per_reserve,significant,TRUE
fixed,cond,nEventsDayReserve_scaled:MAP_scaled,2.46888850715556,2.41634097767563,1.02174673606309,0.306900784843868,7.20491682339979,-2.26713980908866,Life Form Specific Diversity,Reserve,reserve_formula_15,graminoids_per_reserve,non significant,TRUE
fixed,cond,nEventsDayReserve_scaled,0.293174801681168,0.139783977487816,2.09734196257739,0.0359633147309142,0.567151397557287,0.0191982058050497,Structure,Reserve,reserve_formula_16,reserve_adj_mean_3d,significant,TRUE
fixed,cond,MAP_scaled,0.0235424037253469,0.122061909103981,0.192872648790802,0.847058705927688,0.26278374556915,-0.215698938118456,Structure,Reserve,reserve_formula_16,reserve_adj_mean_3d,non significant,TRUE
fixed,cond,nEventsDayReserve_scaled:MAP_scaled,-0.0910805584668675,0.200713672507987,-0.453783528191101,0.649984640345119,0.302318239648787,-0.484479356582522,Structure,Reserve,reserve_formula_16,reserve_adj_mean_3d,non significant,TRUE
fixed,cond,nEventsDayReserve_scaled,11.2234201494068,4.77049641775772,2.35267342568977,0.0186389958334658,20.5735931282119,1.87324717060169,Structure,Reserve,reserve_formula_17,reserve_adj_mean_3d_woody,significant,TRUE
fixed,cond,MAP_scaled,18.9889026140794,4.16568415486967,4.55841151372013,5.15419717034268e-06,27.153643557624,10.8241616705348,Structure,Reserve,reserve_formula_17,reserve_adj_mean_3d_woody,significant,TRUE
fixed,cond,nEventsDayReserve_scaled:MAP_scaled,2.65140853456793,6.84988274695842,0.387073564981129,0.698701747269906,16.0771787186064,-10.7743616494706,Structure,Reserve,reserve_formula_17,reserve_adj_mean_3d_woody,non significant,TRUE
fixed,cond,nEventsDayReserve_scaled,-0.008585817323401,0.0223117633631049,-0.384811239868143,0.70037727100211,0.0351452388682847,-0.0523168735150867,Resilience,Reserve,reserve_formula_18,reserve_berger_parker,non significant,TRUE
fixed,cond,MAP_scaled,0.00362621489609105,0.0194830371872501,0.186121643214031,0.852349369624304,0.0418129677831012,-0.0345605379909191,Resilience,Reserve,reserve_formula_18,reserve_berger_parker,non significant,TRUE
fixed,cond,nEventsDayReserve_scaled:MAP_scaled,0.0645901579912125,0.0320371193123941,2.01610380013863,0.0437891227708317,0.127382911843505,0.00179740413892014,Resilience,Reserve,reserve_formula_18,reserve_berger_parker,significant,TRUE
fixed,cond,nEventsDayReserve_scaled,-0.0349791318394789,0.0273630088795924,-1.27833645756577,0.201130818298907,0.0186523655645222,-0.08861062924348,Resilience,Reserve,reserve_formula_19,reserve_max_cover_ms,non significant,TRUE
fixed,cond,MAP_scaled,-0.0142045097487833,0.0238938765565186,-0.594483264998209,0.552188932071884,0.0326274883019931,-0.0610365077995597,Resilience,Reserve,reserve_formula_19,reserve_max_cover_ms,non significant,TRUE
fixed,cond,nEventsDayReserve_scaled:MAP_scaled,0.0406985088994382,0.0392901253906383,1.03584573718707,0.300274116036866,0.117707154665089,-0.0363101368662129,Resilience,Reserve,reserve_formula_19,reserve_max_cover_ms,non significant,TRUE
fixed,cond,nEventsDayReserve_scaled,-0.25936832339693,0.201829430140265,-1.28508673495574,0.198761976463667,0.13621735967799,-0.654954006471849,Resilience,Reserve,reserve_formula_20,reserve_plant_fun_div_distq1,non significant,TRUE
fixed,cond,MAP_scaled,0.124678482734222,0.176241125764497,0.707431266075912,0.479298512642535,0.470111089232636,-0.220754123764192,Resilience,Reserve,reserve_formula_20,reserve_plant_fun_div_distq1,non significant,TRUE
fixed,cond,nEventsDayReserve_scaled:MAP_scaled,-0.394807159278652,0.289803787756591,-1.36232573885561,0.173095108196801,0.173208264724267,-0.962822583281571,Resilience,Reserve,reserve_formula_20,reserve_plant_fun_div_distq1,non significant,TRUE
fixed,cond,nEventsDayReserve_scaled,0.0455766821914019,0.00899822131086792,5.06507682094406,4.08235689639119e-07,0.063213195960703,0.0279401684221008,Resilience,Reserve,reserve_formula_21,reserve_plant_fun_red,significant,TRUE
fixed,cond,MAP_scaled,-0.0205987509588061,0.0078574103519209,-2.6215699621403,0.0087525795528187,-0.00519822666904111,-0.035999275248571,Resilience,Reserve,reserve_formula_21,reserve_plant_fun_red,significant,TRUE
fixed,cond,nEventsDayReserve_scaled:MAP_scaled,0.0149557366861479,0.012920408174123,1.15752818986797,0.247056628892027,0.040279736707429,-0.0103682633351332,Resilience,Reserve,reserve_formula_21,reserve_plant_fun_red,non significant,TRUE
fixed,cond,nEventsDayReserve_scaled,-0.0344772490374019,0.0581384071355746,-0.593020186414868,0.553167642824626,0.0794740289483243,-0.148428527023128,Structure,Reserve,reserve_formula_22,reserve_sd_adj_mean_3d,non significant,TRUE
fixed,cond,MAP_scaled,-0.113620801872177,0.0507675135217209,-2.23806119288401,0.0252170648955814,-0.0141164753696046,-0.21312512837475,Structure,Reserve,reserve_formula_22,reserve_sd_adj_mean_3d,significant,TRUE
fixed,cond,nEventsDayReserve_scaled:MAP_scaled,-0.0482539527902919,0.0834800484266086,-0.57802976519251,0.563244023696149,0.115366942125861,-0.211874847706445,Structure,Reserve,reserve_formula_22,reserve_sd_adj_mean_3d,non significant,TRUE
fixed,cond,nEventsDayReserve_scaled,0.0345077599320318,0.0123986261242096,2.783192233263,0.00538269034192168,0.0588090671354826,0.010206452728581,Diversity,Reserve,reserve_formula_23,reserve_sor_beta_div,significant,TRUE
fixed,cond,MAP_scaled,0.00936821035981448,0.0108267056223198,0.865287252338464,0.38688114579102,0.0305885533795613,-0.0118521326599323,Diversity,Reserve,reserve_formula_23,reserve_sor_beta_div,non significant,TRUE
fixed,cond,nEventsDayReserve_scaled:MAP_scaled,0.0909268595845846,0.0178029973696051,5.10739049705321,3.26638272303918e-07,0.125820734429011,0.0560329847401585,Diversity,Reserve,reserve_formula_23,reserve_sor_beta_div,significant,TRUE
fixed,cond,nEventsDayReserve_scaled,0.151575002317706,0.0933173318409538,1.62429635875192,0.104312574006584,0.334476972725975,-0.0313269680905635,Diversity,Reserve,reserve_formula_24,shannon_reserve,non significant,TRUE
fixed,cond,MAP_scaled,0.144711882576601,0.0814863897973497,1.77590249042188,0.0757489904190805,0.304425206579407,-0.0150014414262039,Diversity,Reserve,reserve_formula_24,shannon_reserve,non significant,TRUE
fixed,cond,nEventsDayReserve_scaled:MAP_scaled,-0.0688140712826356,0.13399292765208,-0.513564950691391,0.607556189578832,0.193812066915441,-0.331440209480712,Diversity,Reserve,reserve_formula_24,shannon_reserve,non significant,TRUE
fixed,cond,nEventsDayReserve_scaled,12.7432825340753,3.96747300300992,3.21193931865639,0.0013184221995647,20.5195296199747,4.96703544817586,Diversity,Reserve,reserve_formula_25,species_per_reserve,significant,TRUE
fixed,cond,MAP_scaled,7.65416913187123,3.46446951767554,2.2093336635869,0.0271514413547948,14.4445293865153,0.863808877227167,Diversity,Reserve,reserve_formula_25,species_per_reserve,significant,TRUE
fixed,cond,nEventsDayReserve_scaled:MAP_scaled,4.34546637380193,5.69683372387669,0.762786239589392,0.445590888865447,15.5112604726002,-6.82032772499638,Diversity,Reserve,reserve_formula_25,species_per_reserve,non significant,TRUE
fixed,cond,nEventsDayReserve_scaled,-1.37250290346841,0.965289917171268,-1.42185563016183,0.15506816610428,0.519465334187274,-3.2644711411241,Life Form Specific Diversity,Reserve,reserve_formula_26,woodies_per_reserve,non significant,TRUE
fixed,cond,MAP_scaled,-2.26044946258144,0.84290869559082,-2.68172516715707,0.00732436050827124,-0.608348419223436,-3.91255050593945,Life Form Specific Diversity,Reserve,reserve_formula_26,woodies_per_reserve,significant,TRUE
fixed,cond,nEventsDayReserve_scaled:MAP_scaled,-1.38459233837359,1.38604500882165,-0.998951931258499,0.317817977560599,1.33205587891684,-4.10124055566402,Life Form Specific Diversity,Reserve,reserve_formula_26,woodies_per_reserve,non significant,TRUE
fixed,cond,n_herbi_sp_reserve_scaled,6.96926346113299,2.2519988187716,3.0947012063419,0.00197011256777425,11.3831811459253,2.55534577634066,Life Form Specific Diversity,Reserve,reserve_formula_27,forbs_per_reserve,significant,TRUE
fixed,cond,MAP_scaled,3.22416283786699,2.48139845883781,1.29933297346249,0.193829683099984,8.0877038171891,-1.63937814145513,Life Form Specific Diversity,Reserve,reserve_formula_27,forbs_per_reserve,non significant,TRUE
fixed,cond,n_herbi_sp_reserve_scaled:MAP_scaled,14.8717483559478,5.00758405722781,2.9698449763379,0.00297950064606683,24.6866131081143,5.05688360378126,Life Form Specific Diversity,Reserve,reserve_formula_27,forbs_per_reserve,significant,TRUE
fixed,cond,n_herbi_sp_reserve_scaled,5.77308342778705,1.71468784411646,3.36684222005538,0.000760341770523084,9.13387160225532,2.41229525331878,Life Form Specific Diversity,Reserve,reserve_formula_28,graminoids_per_reserve,significant,TRUE
fixed,cond,MAP_scaled,4.55922226863086,1.88935435414369,2.41311126133204,0.0158169904147156,8.2623568027525,0.856087734509226,Life Form Specific Diversity,Reserve,reserve_formula_28,graminoids_per_reserve,significant,TRUE
fixed,cond,n_herbi_sp_reserve_scaled:MAP_scaled,6.68445117702478,3.81280995342844,1.75315613908692,0.0795752094233192,14.1575586857445,-0.788656331694965,Life Form Specific Diversity,Reserve,reserve_formula_28,graminoids_per_reserve,non significant,TRUE
fixed,cond,n_herbi_sp_reserve_scaled,0.108483594239916,0.1669701735137,0.649718401538431,0.51587413529669,0.435745134326767,-0.218777945846936,Structure,Reserve,reserve_formula_29,reserve_adj_mean_3d,non significant,TRUE
fixed,cond,MAP_scaled,0.169987256613363,0.183978573956065,0.923951376283397,0.355511632251714,0.530585261567251,-0.190610748340525,Structure,Reserve,reserve_formula_29,reserve_adj_mean_3d,non significant,TRUE
fixed,cond,n_herbi_sp_reserve_scaled:MAP_scaled,-0.0272520173290812,0.371277805277116,-0.073400609844536,0.941487332320455,0.700452481014067,-0.754956515672229,Structure,Reserve,reserve_formula_29,reserve_adj_mean_3d,non significant,TRUE
fixed,cond,n_herbi_sp_reserve_scaled,7.2808676305696,4.62528327463076,1.57414523571009,0.11545387670103,16.3464228488459,-1.7846875877067,Structure,Reserve,reserve_formula_30,reserve_adj_mean_3d_woody,non significant,TRUE
fixed,cond,MAP_scaled,25.158698653314,5.09643730436178,4.93652666575178,7.95261682555623e-07,35.1477157698631,15.169681536765,Structure,Reserve,reserve_formula_30,reserve_adj_mean_3d_woody,significant,TRUE
fixed,cond,n_herbi_sp_reserve_scaled:MAP_scaled,-6.31571879056235,10.2848609835648,-0.614079159713961,0.539163018968232,13.8426087372246,-26.4740463183493,Structure,Reserve,reserve_formula_30,reserve_adj_mean_3d_woody,non significant,TRUE
fixed,cond,n_herbi_sp_reserve_scaled,0.00243509634824658,0.0267631187488275,0.0909870172867375,0.927502906968555,0.0548908090959484,-0.0500206163994553,Resilience,Reserve,reserve_formula_31,reserve_berger_parker,non significant,TRUE
fixed,cond,MAP_scaled,-0.0105335981410377,0.0294893412302743,-0.357200184934063,0.720941947459442,0.0472655106703,-0.0683327069523753,Resilience,Reserve,reserve_formula_31,reserve_berger_parker,non significant,TRUE
fixed,cond,n_herbi_sp_reserve_scaled:MAP_scaled,-0.0114675434990912,0.0595109400818424,-0.192696393021526,0.84719674846582,0.10517389906132,-0.128108986059502,Resilience,Reserve,reserve_formula_31,reserve_berger_parker,non significant,TRUE
fixed,cond,n_herbi_sp_reserve_scaled,-0.0230784743066733,0.0307621783153595,-0.750222369498139,0.453120788362928,0.0372153951914314,-0.0833723438047779,Resilience,Reserve,reserve_formula_32,reserve_max_cover_ms,non significant,TRUE
fixed,cond,MAP_scaled,-0.0260196421364747,0.03389576460957,-0.767636972824869,0.442702890324019,0.0404160564982826,-0.0924553407712319,Resilience,Reserve,reserve_formula_32,reserve_max_cover_ms,non significant,TRUE
fixed,cond,n_herbi_sp_reserve_scaled:MAP_scaled,-0.0378397413836165,0.068403319048631,-0.553185750485507,0.580136223341667,0.0962307639517003,-0.171910246718933,Resilience,Reserve,reserve_formula_32,reserve_max_cover_ms,non significant,TRUE
fixed,cond,n_herbi_sp_reserve_scaled,-0.24744554905492,0.190700020922697,-1.29756435189499,0.194437078523901,0.126326491953565,-0.621217590063405,Resilience,Reserve,reserve_formula_33,reserve_plant_fun_div_distq1,non significant,TRUE
fixed,cond,MAP_scaled,0.127808375351175,0.210125659957229,0.608247347692757,0.54302343616664,0.539654668867343,-0.284037918164994,Resilience,Reserve,reserve_formula_33,reserve_plant_fun_div_distq1,non significant,TRUE
fixed,cond,n_herbi_sp_reserve_scaled:MAP_scaled,-0.0838569427208306,0.424043910025835,-0.197755328488792,0.843236498553371,0.747269120929806,-0.914983006371468,Resilience,Reserve,reserve_formula_33,reserve_plant_fun_div_distq1,non significant,TRUE
fixed,cond,n_herbi_sp_reserve_scaled,0.0362588318346577,0.0114362769202656,3.17051013082809,0.00152171526410378,0.0586739345983784,0.0138437290709371,Resilience,Reserve,reserve_formula_34,reserve_plant_fun_red,significant,TRUE
fixed,cond,MAP_scaled,-0.022814006046669,0.0126012321534991,-1.81045835587864,0.0702247367499905,0.00188440897418923,-0.0475124210675272,Resilience,Reserve,reserve_formula_34,reserve_plant_fun_red,non significant,TRUE
fixed,cond,n_herbi_sp_reserve_scaled:MAP_scaled,0.0565740801539829,0.0254299058696638,2.22470662864199,0.0261009389967715,0.106416695658524,0.00673146464944174,Resilience,Reserve,reserve_formula_34,reserve_plant_fun_red,significant,TRUE
fixed,cond,n_herbi_sp_reserve_scaled,-0.00117055788773923,0.0509371696925562,-0.0229804265687399,0.981665886161942,0.0986662947096709,-0.101007410485149,Structure,Reserve,reserve_formula_35,reserve_sd_adj_mean_3d,non significant,TRUE
fixed,cond,MAP_scaled,-0.0718710407498825,0.056125879515974,-1.28053299778451,0.200357747265253,0.0381356831014265,-0.181877764601191,Structure,Reserve,reserve_formula_35,reserve_sd_adj_mean_3d,non significant,TRUE
fixed,cond,n_herbi_sp_reserve_scaled:MAP_scaled,-0.132477903209643,0.113264783598696,-1.16963012686291,0.242149848018721,0.0895210726438014,-0.354476879063087,Structure,Reserve,reserve_formula_35,reserve_sd_adj_mean_3d,non significant,TRUE
fixed,cond,n_herbi_sp_reserve_scaled,0.0343059471053931,0.0181189048120446,1.89337862642714,0.0583075357173708,0.0698190005370006,-0.0012071063262143,Diversity,Reserve,reserve_formula_36,reserve_sor_beta_div,non significant,TRUE
fixed,cond,MAP_scaled,0.00302368083002753,0.0199645852837937,0.151452223376862,0.879618996231782,0.0421542679862631,-0.0361069063262081,Diversity,Reserve,reserve_formula_36,reserve_sor_beta_div,non significant,TRUE
fixed,cond,n_herbi_sp_reserve_scaled:MAP_scaled,0.00241908489994078,0.0402895144148878,0.0600425429562109,0.952121751412015,0.0813865331531209,-0.0765483633532393,Diversity,Reserve,reserve_formula_36,reserve_sor_beta_div,non significant,TRUE
fixed,cond,n_herbi_sp_reserve_scaled,0.105774163452783,0.101044944906207,1.04680311866136,0.29519039173309,0.303822255468949,-0.0922739285633826,Diversity,Reserve,reserve_formula_37,shannon_reserve,non significant,TRUE
fixed,cond,MAP_scaled,0.174980187795748,0.111337878365326,1.57161417448245,0.116040057169468,0.393202429391787,-0.04324205380029,Diversity,Reserve,reserve_formula_37,shannon_reserve,non significant,TRUE
fixed,cond,n_herbi_sp_reserve_scaled:MAP_scaled,0.15323278070588,0.22468531109253,0.681988421765477,0.495246272086656,0.593615990447238,-0.287150429035479,Diversity,Reserve,reserve_formula_37,shannon_reserve,non significant,TRUE
fixed,cond,n_herbi_sp_reserve_scaled,11.4632737696537,3.67582132687716,3.11856120041407,0.00181736394596556,18.6678835703329,4.25866396897445,Diversity,Reserve,reserve_formula_38,species_per_reserve,significant,TRUE
fixed,cond,MAP_scaled,4.97599088384419,4.05025850788045,1.22856130643577,0.219236330411883,12.9144975592899,-2.9625157916015,Diversity,Reserve,reserve_formula_38,species_per_reserve,non significant,TRUE
fixed,cond,n_herbi_sp_reserve_scaled:MAP_scaled,22.3451989888268,8.17362074983009,2.73381891241911,0.00626044646358885,38.3654956584937,6.32490231915978,Diversity,Reserve,reserve_formula_38,species_per_reserve,significant,TRUE
fixed,cond,n_herbi_sp_reserve_scaled,-1.27906943232922,0.825331631014058,-1.54976422115032,0.12119811751395,0.33858056445833,-2.89671942911678,Life Form Specific Diversity,Reserve,reserve_formula_39,woodies_per_reserve,non significant,TRUE
fixed,cond,MAP_scaled,-2.80739181612279,0.909403957120909,-3.08706795713837,0.00202141378830555,-1.02496006016581,-4.58982357207978,Life Form Specific Diversity,Reserve,reserve_formula_39,woodies_per_reserve,significant,TRUE
fixed,cond,n_herbi_sp_reserve_scaled:MAP_scaled,0.789004340234303,1.8352218850817,0.4299231317194,0.667251558193161,4.38603923499443,-2.80803055452582,Life Form Specific Diversity,Reserve,reserve_formula_39,woodies_per_reserve,non significant,TRUE
