effect,component,term,estimate,std.error,statistic,p.value,ci_ub,ci_lb,scale,response,formula,sig,rsq_m,rsq_c,delta_aicc,delta_aic,delta_bic,alternative_hypothesis
fixed,cond,herbivore_biomass_kg_ha_scaled,0.0108427511318498,0.062927772895476,0.172304701611794,0.863197988283104,0.134181186006983,-0.112495683743283,plot,woody_richness_plot,woody_richness_plot ~ herbivore_biomass_kg_ha_scaled + herbivore_species_richness_scaled + n_trigger_events_day_scaled + (1 | reserve/site_ID),non significant,0.037,0.039,-3.10544763609119,-2.79102455916791,-12.6709390333417,none
fixed,cond,herbivore_species_richness_scaled,-0.0972992236669674,0.0594188164495635,-1.63751534414284,0.101522835495783,0.019161656574177,-0.213760103908112,plot,woody_richness_plot,woody_richness_plot ~ herbivore_biomass_kg_ha_scaled + herbivore_species_richness_scaled + n_trigger_events_day_scaled + (1 | reserve/site_ID),non significant,0.037,0.039,-3.10544763609119,-2.79102455916791,-12.6709390333417,none
fixed,cond,n_trigger_events_day_scaled,0.0011184555025874,0.0549324414423343,0.02036056423528,0.983755742504987,0.108786040729563,-0.106549129724388,plot,woody_richness_plot,woody_richness_plot ~ herbivore_biomass_kg_ha_scaled + herbivore_species_richness_scaled + n_trigger_events_day_scaled + (1 | reserve/site_ID),non significant,0.037,0.039,-3.10544763609119,-2.79102455916791,-12.6709390333417,none
fixed,cond,herbivore_biomass_kg_ha_scaled,0.122476950943883,0.0480190210265224,2.55059241787197,0.0107540007898583,0.216594232155867,0.0283596697318987,plot,plant_richness_plot,plant_richness_plot ~ herbivore_biomass_kg_ha_scaled + herbivore_species_richness_scaled + n_trigger_events_day_scaled + (1 | reserve/site_ID),significant,0.152,0.155,2.33097060929003,2.57908864602609,-7.98529410756078,none
fixed,cond,herbivore_species_richness_scaled,-0.0883003602935294,0.0478373207427631,-1.84584669296906,0.064914468625177,0.00546078836228625,-0.182061508949345,plot,plant_richness_plot,plant_richness_plot ~ herbivore_biomass_kg_ha_scaled + herbivore_species_richness_scaled + n_trigger_events_day_scaled + (1 | reserve/site_ID),non significant,0.152,0.155,2.33097060929003,2.57908864602609,-7.98529410756078,none
fixed,cond,n_trigger_events_day_scaled,0.0618070610307408,0.0323803613525848,1.90878231276462,0.0562901794647842,0.125272569281807,-0.00165844722032542,plot,plant_richness_plot,plant_richness_plot ~ herbivore_biomass_kg_ha_scaled + herbivore_species_richness_scaled + n_trigger_events_day_scaled + (1 | reserve/site_ID),non significant,0.152,0.155,2.33097060929003,2.57908864602609,-7.98529410756078,none
fixed,cond,herbivore_biomass_kg_ha_scaled,0.0897944458440485,0.0565886422223784,1.58679272584735,0.112559596866332,0.20070818459991,-0.0211192929118132,plot,graminoid_richness_plot,graminoid_richness_plot ~ herbivore_biomass_kg_ha_scaled + herbivore_species_richness_scaled + n_trigger_events_day_scaled + (1 | reserve/site_ID),non significant,0.063,0.068,-1.05905330380165,-0.810935267065588,-11.3753180206525,none
fixed,cond,herbivore_species_richness_scaled,0.00266881299131982,0.0574231782839801,0.0464762326132749,0.962930677238296,0.115218242427921,-0.109880616445281,plot,graminoid_richness_plot,graminoid_richness_plot ~ herbivore_biomass_kg_ha_scaled + herbivore_species_richness_scaled + n_trigger_events_day_scaled + (1 | reserve/site_ID),non significant,0.063,0.068,-1.05905330380165,-0.810935267065588,-11.3753180206525,none
fixed,cond,n_trigger_events_day_scaled,0.045750989348142,0.0354842956471874,1.28933063243058,0.197283165879342,0.115300208816629,-0.0237982301203453,plot,graminoid_richness_plot,graminoid_richness_plot ~ herbivore_biomass_kg_ha_scaled + herbivore_species_richness_scaled + n_trigger_events_day_scaled + (1 | reserve/site_ID),non significant,0.063,0.068,-1.05905330380165,-0.810935267065588,-11.3753180206525,none
fixed,cond,herbivore_biomass_kg_ha_scaled,0.257791390679615,0.129636784605682,1.98856668239452,0.0467490519579928,0.511879488506753,0.00370329285247756,plot,functional_richness_plot,functional_richness_plot ~ herbivore_biomass_kg_ha_scaled + herbivore_species_richness_scaled + n_trigger_events_day_scaled + (1 | reserve/site_ID),significant,0.054,0.073,-2.24533038980235,-1.94578577856942,-12.5101685321562,none
fixed,cond,herbivore_species_richness_scaled,-0.170485034107871,0.125842528189584,-1.35474895935842,0.175497553383591,0.0761663211437127,-0.417136389359455,plot,functional_richness_plot,functional_richness_plot ~ herbivore_biomass_kg_ha_scaled + herbivore_species_richness_scaled + n_trigger_events_day_scaled + (1 | reserve/site_ID),non significant,0.054,0.073,-2.24533038980235,-1.94578577856942,-12.5101685321562,none
fixed,cond,n_trigger_events_day_scaled,0.0600556902898372,0.0880545725028546,0.682028071715303,0.49522120061266,0.232642652395432,-0.112531271815758,plot,functional_richness_plot,functional_richness_plot ~ herbivore_biomass_kg_ha_scaled + herbivore_species_richness_scaled + n_trigger_events_day_scaled + (1 | reserve/site_ID),non significant,0.054,0.073,-2.24533038980235,-1.94578577856942,-12.5101685321562,none
fixed,cond,herbivore_biomass_kg_ha_scaled,0.00154295488819708,0.00421957117518895,0.36566627842887,0.714614111885983,0.00981331439156742,-0.00672740461517327,plot,functional_redundancy_plot,functional_redundancy_plot ~ herbivore_biomass_kg_ha_scaled + herbivore_species_richness_scaled + n_trigger_events_day_scaled + (1 | reserve/site_ID),non significant,0.046,0.046,1.02908506590961,1.32862967714254,-9.23575307644421,none
fixed,cond,herbivore_species_richness_scaled,0.00180878306841832,0.00406480175118692,0.44498678635192,0.656329303248269,0.00977579450074468,-0.00615822836390803,plot,functional_redundancy_plot,functional_redundancy_plot ~ herbivore_biomass_kg_ha_scaled + herbivore_species_richness_scaled + n_trigger_events_day_scaled + (1 | reserve/site_ID),non significant,0.046,0.046,1.02908506590961,1.32862967714254,-9.23575307644421,none
fixed,cond,n_trigger_events_day_scaled,0.00807166279263519,0.00365240452973928,2.20995859766152,0.0271080358243406,0.0152303756709242,0.000912949914346199,plot,functional_redundancy_plot,functional_redundancy_plot ~ herbivore_biomass_kg_ha_scaled + herbivore_species_richness_scaled + n_trigger_events_day_scaled + (1 | reserve/site_ID),significant,0.046,0.046,1.02908506590961,1.32862967714254,-9.23575307644421,none
fixed,cond,herbivore_biomass_kg_ha_scaled,0.0553271102039172,0.0439618705217193,1.25852493416046,0.208201975531849,0.141492376426487,-0.0308381560186526,plot,functional_diversity_plot,functional_diversity_plot ~ herbivore_biomass_kg_ha_scaled + herbivore_species_richness_scaled + n_trigger_events_day_scaled + (1 | reserve/site_ID),non significant,0.029,0.03,-4.13377332163509,-3.83422871040216,-14.3986114639889,none
fixed,cond,herbivore_species_richness_scaled,-0.0599031499020295,0.0425311357331508,-1.40845403889222,0.158996667383046,0.0234578761349461,-0.143264175939005,plot,functional_diversity_plot,functional_diversity_plot ~ herbivore_biomass_kg_ha_scaled + herbivore_species_richness_scaled + n_trigger_events_day_scaled + (1 | reserve/site_ID),non significant,0.029,0.03,-4.13377332163509,-3.83422871040216,-14.3986114639889,none
fixed,cond,n_trigger_events_day_scaled,0.00433998981208632,0.0334689569601904,0.129672096362265,0.896825860012738,0.0699391454540596,-0.0612591658298869,plot,functional_diversity_plot,functional_diversity_plot ~ herbivore_biomass_kg_ha_scaled + herbivore_species_richness_scaled + n_trigger_events_day_scaled + (1 | reserve/site_ID),non significant,0.029,0.03,-4.13377332163509,-3.83422871040216,-14.3986114639889,none
fixed,cond,herbivore_biomass_kg_ha_scaled,0.112364693533096,0.0473411191668244,2.37351155846436,0.017619841562875,0.205153287100072,0.0195760999661204,plot,forb_richness_plot,forb_richness_plot ~ herbivore_biomass_kg_ha_scaled + herbivore_species_richness_scaled + n_trigger_events_day_scaled + (1 | reserve/site_ID),significant,0.151,0.158,6.56958410435232,6.81770214108838,-3.74668061249849,none
fixed,cond,herbivore_species_richness_scaled,-0.150225529423863,0.0474290381306942,-3.16737457356621,0.00153822048465676,-0.0572646146877025,-0.243186444160024,plot,forb_richness_plot,forb_richness_plot ~ herbivore_biomass_kg_ha_scaled + herbivore_species_richness_scaled + n_trigger_events_day_scaled + (1 | reserve/site_ID),significant,0.151,0.158,6.56958410435232,6.81770214108838,-3.74668061249849,none
fixed,cond,n_trigger_events_day_scaled,0.119836640819164,0.0409888127761388,2.9236426405823,0.00345961674937671,0.200174713860396,0.0394985677779319,plot,forb_richness_plot,forb_richness_plot ~ herbivore_biomass_kg_ha_scaled + herbivore_species_richness_scaled + n_trigger_events_day_scaled + (1 | reserve/site_ID),significant,0.151,0.158,6.56958410435232,6.81770214108838,-3.74668061249849,none
fixed,cond,mat_plot_scaled,0.0272192602275302,0.0577388873842779,0.471419894989904,0.637340911426645,0.140387479500715,-0.0859489590456545,plot,woody_richness_plot,woody_richness_plot ~ mat_plot_scaled + herbivore_biomass_kg_ha_scaled + herbivore_species_richness_scaled + n_trigger_events_day_scaled + (1 | reserve/site_ID),non significant,0.04,0.041,-5.0323475885109,-4.56903707703259,-17.7422563759308,mat_plot_scaled
fixed,cond,herbivore_biomass_kg_ha_scaled,0.0139978365493114,0.0631484990219686,0.221665388189856,0.824574376035864,0.13776889463237,-0.109773221533747,plot,woody_richness_plot,woody_richness_plot ~ mat_plot_scaled + herbivore_biomass_kg_ha_scaled + herbivore_species_richness_scaled + n_trigger_events_day_scaled + (1 | reserve/site_ID),non significant,0.04,0.041,-5.0323475885109,-4.56903707703259,-17.7422563759308,mat_plot_scaled
fixed,cond,herbivore_species_richness_scaled,-0.0916643932674378,0.0604909673714572,-1.51534017805591,0.129686278436024,0.0268979027806182,-0.210226689315494,plot,woody_richness_plot,woody_richness_plot ~ mat_plot_scaled + herbivore_biomass_kg_ha_scaled + herbivore_species_richness_scaled + n_trigger_events_day_scaled + (1 | reserve/site_ID),non significant,0.04,0.041,-5.0323475885109,-4.56903707703259,-17.7422563759308,mat_plot_scaled
fixed,cond,n_trigger_events_day_scaled,0.0102384817968427,0.0581161800400837,0.176172656044858,0.860158302098521,0.124146194675407,-0.103669231081721,plot,woody_richness_plot,woody_richness_plot ~ mat_plot_scaled + herbivore_biomass_kg_ha_scaled + herbivore_species_richness_scaled + n_trigger_events_day_scaled + (1 | reserve/site_ID),non significant,0.04,0.041,-5.0323475885109,-4.56903707703259,-17.7422563759308,mat_plot_scaled
fixed,cond,mat_plot_scaled,-0.11195419783782,0.0315497915281501,-3.54849247539178,0.000387443068292507,-0.0501166064426456,-0.173791789232994,plot,plant_richness_plot,plant_richness_plot ~ mat_plot_scaled + herbivore_biomass_kg_ha_scaled + herbivore_species_richness_scaled + n_trigger_events_day_scaled + (1 | reserve/site_ID),significant,0.258,0.264,10.4893422086107,10.8545911503563,-3.23125252109276,mat_plot_scaled
fixed,cond,herbivore_biomass_kg_ha_scaled,0.102467504194269,0.0338209085941916,3.02970879415896,0.00244789636929562,0.168756485038884,0.0361785233496532,plot,plant_richness_plot,plant_richness_plot ~ mat_plot_scaled + herbivore_biomass_kg_ha_scaled + herbivore_species_richness_scaled + n_trigger_events_day_scaled + (1 | reserve/site_ID),significant,0.258,0.264,10.4893422086107,10.8545911503563,-3.23125252109276,mat_plot_scaled
fixed,cond,herbivore_species_richness_scaled,-0.114202140660625,0.0348581173773732,-3.27619932609311,0.00105214276058266,-0.0458802306009731,-0.182524050720276,plot,plant_richness_plot,plant_richness_plot ~ mat_plot_scaled + herbivore_biomass_kg_ha_scaled + herbivore_species_richness_scaled + n_trigger_events_day_scaled + (1 | reserve/site_ID),significant,0.258,0.264,10.4893422086107,10.8545911503563,-3.23125252109276,mat_plot_scaled
fixed,cond,n_trigger_events_day_scaled,0.052367173769872,0.0282381886849959,1.85448062388282,0.0636704296958173,0.107714023592464,-0.00297967605272003,plot,plant_richness_plot,plant_richness_plot ~ mat_plot_scaled + herbivore_biomass_kg_ha_scaled + herbivore_species_richness_scaled + n_trigger_events_day_scaled + (1 | reserve/site_ID),non significant,0.258,0.264,10.4893422086107,10.8545911503563,-3.23125252109276,mat_plot_scaled
fixed,cond,mat_plot_scaled,-0.112979574038778,0.0445178664914284,-2.53784790114619,0.0111536447190372,-0.0257245557155781,-0.200234592361978,plot,graminoid_richness_plot,graminoid_richness_plot ~ mat_plot_scaled + herbivore_biomass_kg_ha_scaled + herbivore_species_richness_scaled + n_trigger_events_day_scaled + (1 | reserve/site_ID),significant,0.118,0.127,3.21382408953627,3.57907303128195,-10.5067706401671,mat_plot_scaled
fixed,cond,herbivore_biomass_kg_ha_scaled,0.0699119049338748,0.049513570420004,1.41197462313543,0.157957433404902,0.166958502957083,-0.027134693089333,plot,graminoid_richness_plot,graminoid_richness_plot ~ mat_plot_scaled + herbivore_biomass_kg_ha_scaled + herbivore_species_richness_scaled + n_trigger_events_day_scaled + (1 | reserve/site_ID),non significant,0.118,0.127,3.21382408953627,3.57907303128195,-10.5067706401671,mat_plot_scaled
fixed,cond,herbivore_species_richness_scaled,-0.0232683866322224,0.051569446381635,-0.451204894852405,0.651841882112223,0.0778077282757823,-0.124344501540227,plot,graminoid_richness_plot,graminoid_richness_plot ~ mat_plot_scaled + herbivore_biomass_kg_ha_scaled + herbivore_species_richness_scaled + n_trigger_events_day_scaled + (1 | reserve/site_ID),non significant,0.118,0.127,3.21382408953627,3.57907303128195,-10.5067706401671,mat_plot_scaled
fixed,cond,n_trigger_events_day_scaled,0.0351197708283015,0.0336437631442744,1.04387165840211,0.296544772340478,0.101061546591079,-0.0308220049344764,plot,graminoid_richness_plot,graminoid_richness_plot ~ mat_plot_scaled + herbivore_biomass_kg_ha_scaled + herbivore_species_richness_scaled + n_trigger_events_day_scaled + (1 | reserve/site_ID),non significant,0.118,0.127,3.21382408953627,3.57907303128195,-10.5067706401671,mat_plot_scaled
fixed,cond,mat_plot_scaled,-0.271893098469844,0.0734785447518705,-3.70030597894936,0.000215339666407771,-0.127875150756178,-0.41591104618351,plot,functional_richness_plot,functional_richness_plot ~ mat_plot_scaled + herbivore_biomass_kg_ha_scaled + herbivore_species_richness_scaled + n_trigger_events_day_scaled + (1 | reserve/site_ID),significant,0.119,0.16,4.86465278772357,5.2988978550452,-8.78694581640377,mat_plot_scaled
fixed,cond,herbivore_biomass_kg_ha_scaled,0.1957547400864,0.0751453881059025,2.60501336170521,0.00918706771079381,0.343039700773969,0.048469779398831,plot,functional_richness_plot,functional_richness_plot ~ mat_plot_scaled + herbivore_biomass_kg_ha_scaled + herbivore_species_richness_scaled + n_trigger_events_day_scaled + (1 | reserve/site_ID),significant,0.119,0.16,4.86465278772357,5.2988978550452,-8.78694581640377,mat_plot_scaled
fixed,cond,herbivore_species_richness_scaled,-0.232488295240574,0.0710274391188216,-3.27321804256022,0.00106330417810801,-0.0932745145676841,-0.371702075913464,plot,functional_richness_plot,functional_richness_plot ~ mat_plot_scaled + herbivore_biomass_kg_ha_scaled + herbivore_species_richness_scaled + n_trigger_events_day_scaled + (1 | reserve/site_ID),significant,0.119,0.16,4.86465278772357,5.2988978550452,-8.78694581640377,mat_plot_scaled
fixed,cond,n_trigger_events_day_scaled,0.0524363289741868,0.0729278498214653,0.719016522529544,0.47213073945818,0.195374914624259,-0.0905022566758852,plot,functional_richness_plot,functional_richness_plot ~ mat_plot_scaled + herbivore_biomass_kg_ha_scaled + herbivore_species_richness_scaled + n_trigger_events_day_scaled + (1 | reserve/site_ID),non significant,0.119,0.16,4.86465278772357,5.2988978550452,-8.78694581640377,mat_plot_scaled
fixed,cond,mat_plot_scaled,0.00784047858227832,0.0037398407954051,2.09647389052267,0.0360401736907152,0.0151705665412723,0.000510390623284328,plot,functional_redundancy_plot,functional_redundancy_plot ~ mat_plot_scaled + herbivore_biomass_kg_ha_scaled + herbivore_species_richness_scaled + n_trigger_events_day_scaled + (1 | reserve/site_ID),significant,0.07,0.07,3.12958910577095,3.56383417309257,-10.5220094983564,mat_plot_scaled
fixed,cond,herbivore_biomass_kg_ha_scaled,0.00246637478291616,0.00408319617439843,0.604030440266449,0.545823404258278,0.0104694392847371,-0.00553668971890476,plot,functional_redundancy_plot,functional_redundancy_plot ~ mat_plot_scaled + herbivore_biomass_kg_ha_scaled + herbivore_species_richness_scaled + n_trigger_events_day_scaled + (1 | reserve/site_ID),non significant,0.07,0.07,3.12958910577095,3.56383417309257,-10.5220094983564,mat_plot_scaled
fixed,cond,herbivore_species_richness_scaled,0.00337836666753653,0.00398166547898564,0.848480789098636,0.396170266845,0.0111824310063484,-0.00442569767127532,plot,functional_redundancy_plot,functional_redundancy_plot ~ mat_plot_scaled + herbivore_biomass_kg_ha_scaled + herbivore_species_richness_scaled + n_trigger_events_day_scaled + (1 | reserve/site_ID),non significant,0.07,0.07,3.12958910577095,3.56383417309257,-10.5220094983564,mat_plot_scaled
fixed,cond,n_trigger_events_day_scaled,0.010545855724414,0.00370687290245611,2.8449466712027,0.00444188590660349,0.017811326613228,0.00328038483560004,plot,functional_redundancy_plot,functional_redundancy_plot ~ mat_plot_scaled + herbivore_biomass_kg_ha_scaled + herbivore_species_richness_scaled + n_trigger_events_day_scaled + (1 | reserve/site_ID),significant,0.07,0.07,3.12958910577095,3.56383417309257,-10.5220094983564,mat_plot_scaled
fixed,cond,mat_plot_scaled,-0.0927730647919654,0.0326809224018906,-2.83875294739534,0.00452902072516339,-0.0287184568842598,-0.156827672699671,plot,functional_diversity_plot,functional_diversity_plot ~ mat_plot_scaled + herbivore_biomass_kg_ha_scaled + herbivore_species_richness_scaled + n_trigger_events_day_scaled + (1 | reserve/site_ID),significant,0.092,0.094,0.842016638759333,1.27626170608096,-12.809581965368,mat_plot_scaled
fixed,cond,herbivore_biomass_kg_ha_scaled,0.0418080101127208,0.0362191190289614,1.15430775881905,0.248374016680321,0.112797483409485,-0.0291814631840435,plot,functional_diversity_plot,functional_diversity_plot ~ mat_plot_scaled + herbivore_biomass_kg_ha_scaled + herbivore_species_richness_scaled + n_trigger_events_day_scaled + (1 | reserve/site_ID),non significant,0.092,0.094,0.842016638759333,1.27626170608096,-12.809581965368,mat_plot_scaled
fixed,cond,herbivore_species_richness_scaled,-0.0792142028509889,0.0351762495056912,-2.25192292993523,0.0243271428168113,-0.0102687538198341,-0.148159651882144,plot,functional_diversity_plot,functional_diversity_plot ~ mat_plot_scaled + herbivore_biomass_kg_ha_scaled + herbivore_species_richness_scaled + n_trigger_events_day_scaled + (1 | reserve/site_ID),significant,0.092,0.094,0.842016638759333,1.27626170608096,-12.809581965368,mat_plot_scaled
fixed,cond,n_trigger_events_day_scaled,-0.0158648992485298,0.0307800766447299,-0.515427542031354,0.606254290460158,0.0444640509751408,-0.0761938494722005,plot,functional_diversity_plot,functional_diversity_plot ~ mat_plot_scaled + herbivore_biomass_kg_ha_scaled + herbivore_species_richness_scaled + n_trigger_events_day_scaled + (1 | reserve/site_ID),non significant,0.092,0.094,0.842016638759333,1.27626170608096,-12.809581965368,mat_plot_scaled
fixed,cond,mat_plot_scaled,-0.124607103996412,0.0365715848903445,-3.40721093630564,0.000656303851515915,-0.0529267976113365,-0.196287410381487,plot,forb_richness_plot,forb_richness_plot ~ mat_plot_scaled + herbivore_biomass_kg_ha_scaled + herbivore_species_richness_scaled + n_trigger_events_day_scaled + (1 | reserve/site_ID),significant,0.22,0.23,14.8517981628168,15.2170471045624,1.13120343311334,mat_plot_scaled
fixed,cond,herbivore_biomass_kg_ha_scaled,0.0978549734265883,0.0378099700485546,2.58807328598582,0.00965144443303395,0.171962514721755,0.0237474321314213,plot,forb_richness_plot,forb_richness_plot ~ mat_plot_scaled + herbivore_biomass_kg_ha_scaled + herbivore_species_richness_scaled + n_trigger_events_day_scaled + (1 | reserve/site_ID),significant,0.22,0.23,14.8517981628168,15.2170471045624,1.13120343311334,mat_plot_scaled
fixed,cond,herbivore_species_richness_scaled,-0.180762632578528,0.0400027817253399,-4.51875156631978,6.22053325529056e-06,-0.102357180396862,-0.259168084760194,plot,forb_richness_plot,forb_richness_plot ~ mat_plot_scaled + herbivore_biomass_kg_ha_scaled + herbivore_species_richness_scaled + n_trigger_events_day_scaled + (1 | reserve/site_ID),significant,0.22,0.23,14.8517981628168,15.2170471045624,1.13120343311334,mat_plot_scaled
fixed,cond,n_trigger_events_day_scaled,0.0924173700432467,0.0348348470022981,2.65301495474201,0.00797763362687553,0.160693670167751,0.0241410699187424,plot,forb_richness_plot,forb_richness_plot ~ mat_plot_scaled + herbivore_biomass_kg_ha_scaled + herbivore_species_richness_scaled + n_trigger_events_day_scaled + (1 | reserve/site_ID),significant,0.22,0.23,14.8517981628168,15.2170471045624,1.13120343311334,mat_plot_scaled
fixed,cond,map_plot_scaled,-0.0670860974029397,0.056085695909167,-1.19613559777502,0.231643648003432,0.0428418665790277,-0.177014061384907,plot,woody_richness_plot,woody_richness_plot ~ map_plot_scaled + herbivore_biomass_kg_ha_scaled + herbivore_species_richness_scaled + n_trigger_events_day_scaled + (1 | reserve/site_ID),non significant,0.053,0.055,-3.83161289867257,-3.36830238719449,-16.5415216860924,map_plot_scaled
fixed,cond,herbivore_biomass_kg_ha_scaled,0.0339886486847759,0.0650828348200326,0.522236758413512,0.601505495561595,0.16155100493204,-0.093573707562488,plot,woody_richness_plot,woody_richness_plot ~ map_plot_scaled + herbivore_biomass_kg_ha_scaled + herbivore_species_richness_scaled + n_trigger_events_day_scaled + (1 | reserve/site_ID),non significant,0.053,0.055,-3.83161289867257,-3.36830238719449,-16.5415216860924,map_plot_scaled
fixed,cond,herbivore_species_richness_scaled,-0.124199343926593,0.0628293853642001,-1.97677158875028,0.0480674545406993,-0.00105374861276129,-0.247344939240426,plot,woody_richness_plot,woody_richness_plot ~ map_plot_scaled + herbivore_biomass_kg_ha_scaled + herbivore_species_richness_scaled + n_trigger_events_day_scaled + (1 | reserve/site_ID),significant,0.053,0.055,-3.83161289867257,-3.36830238719449,-16.5415216860924,map_plot_scaled
fixed,cond,n_trigger_events_day_scaled,0.0181151599308735,0.0560877982030199,0.322978624785777,0.746711430216261,0.128047244408792,-0.0918169245470454,plot,woody_richness_plot,woody_richness_plot ~ map_plot_scaled + herbivore_biomass_kg_ha_scaled + herbivore_species_richness_scaled + n_trigger_events_day_scaled + (1 | reserve/site_ID),non significant,0.053,0.055,-3.83161289867257,-3.36830238719449,-16.5415216860924,map_plot_scaled
fixed,cond,map_plot_scaled,0.0802344571170918,0.0358543759197861,2.23778702205258,0.0252349471328534,0.150509033919873,0.00995988031431103,plot,plant_richness_plot,plant_richness_plot ~ map_plot_scaled + herbivore_biomass_kg_ha_scaled + herbivore_species_richness_scaled + n_trigger_events_day_scaled + (1 | reserve/site_ID),significant,0.212,0.217,4.65213907922612,5.01738802097179,-9.06845565047729,map_plot_scaled
fixed,cond,herbivore_biomass_kg_ha_scaled,0.090922384957939,0.0418531573694804,2.1724139986686,0.0298244500688039,0.172954573402121,0.00889019651375744,plot,plant_richness_plot,plant_richness_plot ~ map_plot_scaled + herbivore_biomass_kg_ha_scaled + herbivore_species_richness_scaled + n_trigger_events_day_scaled + (1 | reserve/site_ID),significant,0.212,0.217,4.65213907922612,5.01738802097179,-9.06845565047729,map_plot_scaled
fixed,cond,herbivore_species_richness_scaled,-0.0583775652702161,0.0422654755931889,-1.38121160239881,0.167213908390801,0.0244627668924342,-0.141217897432866,plot,plant_richness_plot,plant_richness_plot ~ map_plot_scaled + herbivore_biomass_kg_ha_scaled + herbivore_species_richness_scaled + n_trigger_events_day_scaled + (1 | reserve/site_ID),non significant,0.212,0.217,4.65213907922612,5.01738802097179,-9.06845565047729,map_plot_scaled
fixed,cond,n_trigger_events_day_scaled,0.0590122124989646,0.0304570755960168,1.93755346973241,0.052677723949472,0.118708080667158,-0.000683655669228345,plot,plant_richness_plot,plant_richness_plot ~ map_plot_scaled + herbivore_biomass_kg_ha_scaled + herbivore_species_richness_scaled + n_trigger_events_day_scaled + (1 | reserve/site_ID),non significant,0.212,0.217,4.65213907922612,5.01738802097179,-9.06845565047729,map_plot_scaled
fixed,cond,map_plot_scaled,0.0866363308059468,0.0479122843705686,1.80822793035444,0.0705710332962729,0.180544408172261,-0.00727174656036765,plot,graminoid_richness_plot,graminoid_richness_plot ~ map_plot_scaled + herbivore_biomass_kg_ha_scaled + herbivore_species_richness_scaled + n_trigger_events_day_scaled + (1 | reserve/site_ID),non significant,0.097,0.104,0.165705535879852,0.530954477625528,-13.5548891938236,map_plot_scaled
fixed,cond,herbivore_biomass_kg_ha_scaled,0.0568119139385344,0.0554507341256675,1.02454755260376,0.305576722399901,0.165495352824843,-0.0518715249477739,plot,graminoid_richness_plot,graminoid_richness_plot ~ map_plot_scaled + herbivore_biomass_kg_ha_scaled + herbivore_species_richness_scaled + n_trigger_events_day_scaled + (1 | reserve/site_ID),non significant,0.097,0.104,0.165705535879852,0.530954477625528,-13.5548891938236,map_plot_scaled
fixed,cond,herbivore_species_richness_scaled,0.0354144501582258,0.0568362024718114,0.623096699252383,0.533220978658749,0.146813407002976,-0.0759845066865246,plot,graminoid_richness_plot,graminoid_richness_plot ~ map_plot_scaled + herbivore_biomass_kg_ha_scaled + herbivore_species_richness_scaled + n_trigger_events_day_scaled + (1 | reserve/site_ID),non significant,0.097,0.104,0.165705535879852,0.530954477625528,-13.5548891938236,map_plot_scaled
fixed,cond,n_trigger_events_day_scaled,0.0398478007959838,0.0340759096895575,1.16938333147992,0.242249222488543,0.106636583787517,-0.0269409821955489,plot,graminoid_richness_plot,graminoid_richness_plot ~ map_plot_scaled + herbivore_biomass_kg_ha_scaled + herbivore_species_richness_scaled + n_trigger_events_day_scaled + (1 | reserve/site_ID),non significant,0.097,0.104,0.165705535879852,0.530954477625528,-13.5548891938236,map_plot_scaled
fixed,cond,map_plot_scaled,0.194772183382085,0.0896293814041259,2.17308409732167,0.029773988378067,0.370445770934172,0.019098595829998,plot,functional_richness_plot,functional_richness_plot ~ map_plot_scaled + herbivore_biomass_kg_ha_scaled + herbivore_species_richness_scaled + n_trigger_events_day_scaled + (1 | reserve/site_ID),significant,0.09,0.122,-0.666139560285274,-0.231894492963647,-14.3177381644126,map_plot_scaled
fixed,cond,herbivore_biomass_kg_ha_scaled,0.17370261697395,0.105799249547954,1.64181331829975,0.10062869809832,0.381069146087939,-0.03366391214004,plot,functional_richness_plot,functional_richness_plot ~ map_plot_scaled + herbivore_biomass_kg_ha_scaled + herbivore_species_richness_scaled + n_trigger_events_day_scaled + (1 | reserve/site_ID),non significant,0.09,0.122,-0.666139560285274,-0.231894492963647,-14.3177381644126,map_plot_scaled
fixed,cond,herbivore_species_richness_scaled,-0.0953345328706259,0.10224087105603,-0.932450319387255,0.351103850147369,0.105057574399192,-0.295726640140444,plot,functional_richness_plot,functional_richness_plot ~ map_plot_scaled + herbivore_biomass_kg_ha_scaled + herbivore_species_richness_scaled + n_trigger_events_day_scaled + (1 | reserve/site_ID),non significant,0.09,0.122,-0.666139560285274,-0.231894492963647,-14.3177381644126,map_plot_scaled
fixed,cond,n_trigger_events_day_scaled,0.0637993545633247,0.0840810344470735,0.758784129891795,0.447981700642811,0.228598182079589,-0.100999472952939,plot,functional_richness_plot,functional_richness_plot ~ map_plot_scaled + herbivore_biomass_kg_ha_scaled + herbivore_species_richness_scaled + n_trigger_events_day_scaled + (1 | reserve/site_ID),non significant,0.09,0.122,-0.666139560285274,-0.231894492963647,-14.3177381644126,map_plot_scaled
fixed,cond,map_plot_scaled,-0.00739703188021713,0.00365251943981908,-2.02518617685537,0.0428482505408199,-0.000238093778171722,-0.0145559699822625,plot,functional_redundancy_plot,functional_redundancy_plot ~ map_plot_scaled + herbivore_biomass_kg_ha_scaled + herbivore_species_richness_scaled + n_trigger_events_day_scaled + (1 | reserve/site_ID),significant,0.069,0.069,2.86865810225902,3.30290316958065,-10.7829405018683,map_plot_scaled
fixed,cond,herbivore_biomass_kg_ha_scaled,0.00406453882167018,0.0042633829523932,0.953360011769197,0.340407694918144,0.0124207694083609,-0.0042916917650205,plot,functional_redundancy_plot,functional_redundancy_plot ~ map_plot_scaled + herbivore_biomass_kg_ha_scaled + herbivore_species_richness_scaled + n_trigger_events_day_scaled + (1 | reserve/site_ID),non significant,0.069,0.069,2.86865810225902,3.30290316958065,-10.7829405018683,map_plot_scaled
fixed,cond,herbivore_species_richness_scaled,-0.00116427736626776,0.00419386589952658,-0.277614352523572,0.781308413355843,0.00705569979680434,-0.00938425452933985,plot,functional_redundancy_plot,functional_redundancy_plot ~ map_plot_scaled + herbivore_biomass_kg_ha_scaled + herbivore_species_richness_scaled + n_trigger_events_day_scaled + (1 | reserve/site_ID),non significant,0.069,0.069,2.86865810225902,3.30290316958065,-10.7829405018683,map_plot_scaled
fixed,cond,n_trigger_events_day_scaled,0.00985026486706506,0.00363711260326382,2.70826502820556,0.00676359870215026,0.0169790055694621,0.00272152416466798,plot,functional_redundancy_plot,functional_redundancy_plot ~ map_plot_scaled + herbivore_biomass_kg_ha_scaled + herbivore_species_richness_scaled + n_trigger_events_day_scaled + (1 | reserve/site_ID),significant,0.069,0.069,2.86865810225902,3.30290316958065,-10.7829405018683,map_plot_scaled
fixed,cond,map_plot_scaled,0.0358774296172177,0.0365160990246389,0.982509922349859,0.325848697123904,0.10744898370551,-0.0356941244710745,plot,functional_diversity_plot,functional_diversity_plot ~ map_plot_scaled + herbivore_biomass_kg_ha_scaled + herbivore_species_richness_scaled + n_trigger_events_day_scaled + (1 | reserve/site_ID),non significant,0.039,0.04,-5.37082618109389,-4.93658111377226,-19.0224247852212,map_plot_scaled
fixed,cond,herbivore_biomass_kg_ha_scaled,0.0417261823908717,0.0434771323061688,0.959727106586361,0.337192577090625,0.126941361710962,-0.043488996929219,plot,functional_diversity_plot,functional_diversity_plot ~ map_plot_scaled + herbivore_biomass_kg_ha_scaled + herbivore_species_richness_scaled + n_trigger_events_day_scaled + (1 | reserve/site_ID),non significant,0.039,0.04,-5.37082618109389,-4.93658111377226,-19.0224247852212,map_plot_scaled
fixed,cond,herbivore_species_richness_scaled,-0.0459349077175644,0.0424464440169192,-1.08218506358871,0.279170304046371,0.0372601225555973,-0.129129937990726,plot,functional_diversity_plot,functional_diversity_plot ~ map_plot_scaled + herbivore_biomass_kg_ha_scaled + herbivore_species_richness_scaled + n_trigger_events_day_scaled + (1 | reserve/site_ID),non significant,0.039,0.04,-5.37082618109389,-4.93658111377226,-19.0224247852212,map_plot_scaled
fixed,cond,n_trigger_events_day_scaled,-5.33048703591046e-06,0.032952443715945,-0.000161763026798864,0.999870931778971,0.0645814591962163,-0.0645921201702882,plot,functional_diversity_plot,functional_diversity_plot ~ map_plot_scaled + herbivore_biomass_kg_ha_scaled + herbivore_species_richness_scaled + n_trigger_events_day_scaled + (1 | reserve/site_ID),non significant,0.039,0.04,-5.37082618109389,-4.93658111377226,-19.0224247852212,map_plot_scaled
fixed,cond,map_plot_scaled,0.0846990279162626,0.0370258769474892,2.2875630477675,0.022162979892349,0.157269746733341,0.0121283090991839,plot,forb_richness_plot,forb_richness_plot ~ map_plot_scaled + herbivore_biomass_kg_ha_scaled + herbivore_species_richness_scaled + n_trigger_events_day_scaled + (1 | reserve/site_ID),significant,0.19,0.199,9.20522335987084,9.57047230161652,-4.51537136983257,map_plot_scaled
fixed,cond,herbivore_biomass_kg_ha_scaled,0.0827762974436367,0.041488239939791,1.99517495954912,0.0460238010899853,0.164093247725627,0.00145934716164643,plot,forb_richness_plot,forb_richness_plot ~ map_plot_scaled + herbivore_biomass_kg_ha_scaled + herbivore_species_richness_scaled + n_trigger_events_day_scaled + (1 | reserve/site_ID),significant,0.19,0.199,9.20522335987084,9.57047230161652,-4.51537136983257,map_plot_scaled
fixed,cond,herbivore_species_richness_scaled,-0.120448643865566,0.0429179089448161,-2.80648910505959,0.00500846061298367,-0.0363295423337263,-0.204567745397405,plot,forb_richness_plot,forb_richness_plot ~ map_plot_scaled + herbivore_biomass_kg_ha_scaled + herbivore_species_richness_scaled + n_trigger_events_day_scaled + (1 | reserve/site_ID),significant,0.19,0.199,9.20522335987084,9.57047230161652,-4.51537136983257,map_plot_scaled
fixed,cond,n_trigger_events_day_scaled,0.110465734061224,0.0360432280201143,3.06481245241345,0.00217806532863916,0.181110460980648,0.0398210071417996,plot,forb_richness_plot,forb_richness_plot ~ map_plot_scaled + herbivore_biomass_kg_ha_scaled + herbivore_species_richness_scaled + n_trigger_events_day_scaled + (1 | reserve/site_ID),significant,0.19,0.199,9.20522335987084,9.57047230161652,-4.51537136983257,map_plot_scaled
fixed,cond,elevation_plot_scaled,-0.00717666561909957,0.0583727283631113,-0.122945523026723,0.902150236886912,0.107233881972599,-0.121587213210798,plot,woody_richness_plot,woody_richness_plot ~ elevation_plot_scaled + herbivore_biomass_kg_ha_scaled + herbivore_species_richness_scaled + n_trigger_events_day_scaled + (1 | reserve/site_ID),non significant,0.038,0.039,-5.2392164380376,-4.77590592655952,-17.9491252254575,elevation_plot_scaled
fixed,cond,herbivore_biomass_kg_ha_scaled,0.0117644331328896,0.0633641384605835,0.185663901044087,0.852708338847459,0.135958144515633,-0.112429278249854,plot,woody_richness_plot,woody_richness_plot ~ elevation_plot_scaled + herbivore_biomass_kg_ha_scaled + herbivore_species_richness_scaled + n_trigger_events_day_scaled + (1 | reserve/site_ID),non significant,0.038,0.039,-5.2392164380376,-4.77590592655952,-17.9491252254575,elevation_plot_scaled
fixed,cond,herbivore_species_richness_scaled,-0.0957005648582104,0.0608206597165421,-1.57348778037312,0.115605915585446,0.0235079281862121,-0.214909057902633,plot,woody_richness_plot,woody_richness_plot ~ elevation_plot_scaled + herbivore_biomass_kg_ha_scaled + herbivore_species_richness_scaled + n_trigger_events_day_scaled + (1 | reserve/site_ID),non significant,0.038,0.039,-5.2392164380376,-4.77590592655952,-17.9491252254575,elevation_plot_scaled
fixed,cond,n_trigger_events_day_scaled,0.00340164780313453,0.0579761611466395,0.0586732156089245,0.953212393421603,0.117034923650548,-0.110231628044279,plot,woody_richness_plot,woody_richness_plot ~ elevation_plot_scaled + herbivore_biomass_kg_ha_scaled + herbivore_species_richness_scaled + n_trigger_events_day_scaled + (1 | reserve/site_ID),non significant,0.038,0.039,-5.2392164380376,-4.77590592655952,-17.9491252254575,elevation_plot_scaled
fixed,cond,elevation_plot_scaled,0.11068295865869,0.0314418581290329,3.52024228989466,0.000431152750704329,0.172309000591594,0.0490569167257854,plot,plant_richness_plot,plant_richness_plot ~ elevation_plot_scaled + herbivore_biomass_kg_ha_scaled + herbivore_species_richness_scaled + n_trigger_events_day_scaled + (1 | reserve/site_ID),significant,0.256,0.262,10.2623064255231,10.6275553672688,-3.45828830418031,elevation_plot_scaled
fixed,cond,herbivore_biomass_kg_ha_scaled,0.101369781071418,0.0341603099532663,2.96747252030496,0.0030025912111476,0.168323988579819,0.0344155735630157,plot,plant_richness_plot,plant_richness_plot ~ elevation_plot_scaled + herbivore_biomass_kg_ha_scaled + herbivore_species_richness_scaled + n_trigger_events_day_scaled + (1 | reserve/site_ID),significant,0.256,0.262,10.2623064255231,10.6275553672688,-3.45828830418031,elevation_plot_scaled
fixed,cond,herbivore_species_richness_scaled,-0.115664620984636,0.0352282378084123,-3.28329284063753,0.00102602023167707,-0.0466172748801483,-0.184711967089124,plot,plant_richness_plot,plant_richness_plot ~ elevation_plot_scaled + herbivore_biomass_kg_ha_scaled + herbivore_species_richness_scaled + n_trigger_events_day_scaled + (1 | reserve/site_ID),significant,0.256,0.262,10.2623064255231,10.6275553672688,-3.45828830418031,elevation_plot_scaled
fixed,cond,n_trigger_events_day_scaled,0.0537715285905366,0.0280129039229759,1.91952711287579,0.0549176583796449,0.108676820279569,-0.00113376309849606,plot,plant_richness_plot,plant_richness_plot ~ elevation_plot_scaled + herbivore_biomass_kg_ha_scaled + herbivore_species_richness_scaled + n_trigger_events_day_scaled + (1 | reserve/site_ID),non significant,0.256,0.262,10.2623064255231,10.6275553672688,-3.45828830418031,elevation_plot_scaled
fixed,cond,elevation_plot_scaled,0.119344433784559,0.0435234560693024,2.74207162212777,0.00610530275893623,0.204650407680392,0.0340384598887262,plot,graminoid_richness_plot,graminoid_richness_plot ~ elevation_plot_scaled + herbivore_biomass_kg_ha_scaled + herbivore_species_richness_scaled + n_trigger_events_day_scaled + (1 | reserve/site_ID),significant,0.123,0.132,4.32833394484419,4.69358288658987,-9.39226078485922,elevation_plot_scaled
fixed,cond,herbivore_biomass_kg_ha_scaled,0.0672987693447576,0.0492359032875593,1.36686370821113,0.1716680292782,0.163801139788374,-0.0292036010988585,plot,graminoid_richness_plot,graminoid_richness_plot ~ elevation_plot_scaled + herbivore_biomass_kg_ha_scaled + herbivore_species_richness_scaled + n_trigger_events_day_scaled + (1 | reserve/site_ID),non significant,0.123,0.132,4.32833394484419,4.69358288658987,-9.39226078485922,elevation_plot_scaled
fixed,cond,herbivore_species_richness_scaled,-0.0265362416596092,0.0513224102159008,-0.517049794582479,0.605121399165554,0.0740556823635564,-0.127128165682775,plot,graminoid_richness_plot,graminoid_richness_plot ~ elevation_plot_scaled + herbivore_biomass_kg_ha_scaled + herbivore_species_richness_scaled + n_trigger_events_day_scaled + (1 | reserve/site_ID),non significant,0.123,0.132,4.32833394484419,4.69358288658987,-9.39226078485922,elevation_plot_scaled
fixed,cond,n_trigger_events_day_scaled,0.0361838663256955,0.0334242220142239,1.08256420479427,0.279001902727467,0.101695341473574,-0.0293276088221833,plot,graminoid_richness_plot,graminoid_richness_plot ~ elevation_plot_scaled + herbivore_biomass_kg_ha_scaled + herbivore_species_richness_scaled + n_trigger_events_day_scaled + (1 | reserve/site_ID),non significant,0.123,0.132,4.32833394484419,4.69358288658987,-9.39226078485922,elevation_plot_scaled
fixed,cond,elevation_plot_scaled,0.261009192555537,0.07267569079871,3.59142362029216,0.00032887656456167,0.403453546521008,0.118564838590065,plot,functional_richness_plot,functional_richness_plot ~ elevation_plot_scaled + herbivore_biomass_kg_ha_scaled + herbivore_species_richness_scaled + n_trigger_events_day_scaled + (1 | reserve/site_ID),significant,0.115,0.155,4.21230396488363,4.64654903220526,-9.43929463924371,elevation_plot_scaled
fixed,cond,herbivore_biomass_kg_ha_scaled,0.194956298057884,0.0745912784067804,2.61366076868529,0.00895779284538928,0.341155203735174,0.0487573923805947,plot,functional_richness_plot,functional_richness_plot ~ elevation_plot_scaled + herbivore_biomass_kg_ha_scaled + herbivore_species_richness_scaled + n_trigger_events_day_scaled + (1 | reserve/site_ID),significant,0.115,0.155,4.21230396488363,4.64654903220526,-9.43929463924371,elevation_plot_scaled
fixed,cond,herbivore_species_richness_scaled,-0.236878000285638,0.0713428229501756,-3.32027792692011,0.000899278731689515,-0.0970460673032935,-0.376709933267982,plot,functional_richness_plot,functional_richness_plot ~ elevation_plot_scaled + herbivore_biomass_kg_ha_scaled + herbivore_species_richness_scaled + n_trigger_events_day_scaled + (1 | reserve/site_ID),significant,0.115,0.155,4.21230396488363,4.64654903220526,-9.43929463924371,elevation_plot_scaled
fixed,cond,n_trigger_events_day_scaled,0.0587059736712069,0.072246980479552,0.812573387587076,0.416462694668108,0.200310055411129,-0.082898108068715,plot,functional_richness_plot,functional_richness_plot ~ elevation_plot_scaled + herbivore_biomass_kg_ha_scaled + herbivore_species_richness_scaled + n_trigger_events_day_scaled + (1 | reserve/site_ID),non significant,0.115,0.155,4.21230396488363,4.64654903220526,-9.43929463924371,elevation_plot_scaled
fixed,cond,elevation_plot_scaled,-0.00736168907350326,0.0037751736330031,-1.95002661841732,0.0511729464921032,3.76512471828199e-05,-0.0147610293941893,plot,functional_redundancy_plot,functional_redundancy_plot ~ elevation_plot_scaled + herbivore_biomass_kg_ha_scaled + herbivore_species_richness_scaled + n_trigger_events_day_scaled + (1 | reserve/site_ID),non significant,0.067,0.067,2.56087853420729,2.99512360152892,-11.0907200699201,elevation_plot_scaled
fixed,cond,herbivore_biomass_kg_ha_scaled,0.00251386682755323,0.00410273356146163,0.61272973004312,0.540055061140381,0.010555224608018,-0.00552749095291157,plot,functional_redundancy_plot,functional_redundancy_plot ~ elevation_plot_scaled + herbivore_biomass_kg_ha_scaled + herbivore_species_richness_scaled + n_trigger_events_day_scaled + (1 | reserve/site_ID),non significant,0.067,0.067,2.56087853420729,2.99512360152892,-11.0907200699201,elevation_plot_scaled
fixed,cond,herbivore_species_richness_scaled,0.00336494167430607,0.00400322296800911,0.840558145573272,0.400595514572647,0.0112112586916039,-0.00448137534299179,plot,functional_redundancy_plot,functional_redundancy_plot ~ elevation_plot_scaled + herbivore_biomass_kg_ha_scaled + herbivore_species_richness_scaled + n_trigger_events_day_scaled + (1 | reserve/site_ID),non significant,0.067,0.067,2.56087853420729,2.99512360152892,-11.0907200699201,elevation_plot_scaled
fixed,cond,n_trigger_events_day_scaled,0.010315388189569,0.00370821875969391,2.78176366014083,0.00540643954243153,0.0175834969585691,0.00304727942056894,plot,functional_redundancy_plot,functional_redundancy_plot ~ elevation_plot_scaled + herbivore_biomass_kg_ha_scaled + herbivore_species_richness_scaled + n_trigger_events_day_scaled + (1 | reserve/site_ID),significant,0.067,0.067,2.56087853420729,2.99512360152892,-11.0907200699201,elevation_plot_scaled
fixed,cond,elevation_plot_scaled,0.0966393968918503,0.0323876725324708,2.98383271582615,0.00284662357108614,0.160119235055493,0.0331595587282076,plot,functional_diversity_plot,functional_diversity_plot ~ elevation_plot_scaled + herbivore_biomass_kg_ha_scaled + herbivore_species_richness_scaled + n_trigger_events_day_scaled + (1 | reserve/site_ID),significant,0.097,0.099,1.48429953260802,1.91854459992965,-12.1672990715193,elevation_plot_scaled
fixed,cond,herbivore_biomass_kg_ha_scaled,0.0399439931658998,0.0357223443560942,1.1181795004192,0.263490337675557,0.109959788103844,-0.0300718017720447,plot,functional_diversity_plot,functional_diversity_plot ~ elevation_plot_scaled + herbivore_biomass_kg_ha_scaled + herbivore_species_richness_scaled + n_trigger_events_day_scaled + (1 | reserve/site_ID),non significant,0.097,0.099,1.48429953260802,1.91854459992965,-12.1672990715193,elevation_plot_scaled
fixed,cond,herbivore_species_richness_scaled,-0.0811853253565249,0.0347157267012176,-2.33857484981519,0.0193574476943731,-0.0131425010221385,-0.149228149690911,plot,functional_diversity_plot,functional_diversity_plot ~ elevation_plot_scaled + herbivore_biomass_kg_ha_scaled + herbivore_species_richness_scaled + n_trigger_events_day_scaled + (1 | reserve/site_ID),significant,0.097,0.099,1.48429953260802,1.91854459992965,-12.1672990715193,elevation_plot_scaled
fixed,cond,n_trigger_events_day_scaled,-0.0159558109308486,0.0302866131560304,-0.526827177692254,0.598313607903291,0.043405950854971,-0.0753175727166682,plot,functional_diversity_plot,functional_diversity_plot ~ elevation_plot_scaled + herbivore_biomass_kg_ha_scaled + herbivore_species_richness_scaled + n_trigger_events_day_scaled + (1 | reserve/site_ID),non significant,0.097,0.099,1.48429953260802,1.91854459992965,-12.1672990715193,elevation_plot_scaled
fixed,cond,elevation_plot_scaled,0.115289238738551,0.0372513757010567,3.09489882101941,0.00196880046088138,0.188301935112622,0.0422765423644803,plot,forb_richness_plot,forb_richness_plot ~ elevation_plot_scaled + herbivore_biomass_kg_ha_scaled + herbivore_species_richness_scaled + n_trigger_events_day_scaled + (1 | reserve/site_ID),significant,0.212,0.222,13.0944966714717,13.4597456132174,-0.626098058231719,elevation_plot_scaled
fixed,cond,herbivore_biomass_kg_ha_scaled,0.0972053916656735,0.0385666839863988,2.52044981881135,0.0117204948779756,0.172796092279015,0.0216146910523319,plot,forb_richness_plot,forb_richness_plot ~ elevation_plot_scaled + herbivore_biomass_kg_ha_scaled + herbivore_species_richness_scaled + n_trigger_events_day_scaled + (1 | reserve/site_ID),significant,0.212,0.222,13.0944966714717,13.4597456132174,-0.626098058231719,elevation_plot_scaled
fixed,cond,herbivore_species_richness_scaled,-0.18049562522816,0.0407772762117642,-4.42637767885259,9.58286821340245e-06,-0.100572163853102,-0.260419086603218,plot,forb_richness_plot,forb_richness_plot ~ elevation_plot_scaled + herbivore_biomass_kg_ha_scaled + herbivore_species_richness_scaled + n_trigger_events_day_scaled + (1 | reserve/site_ID),significant,0.212,0.222,13.0944966714717,13.4597456132174,-0.626098058231719,elevation_plot_scaled
fixed,cond,n_trigger_events_day_scaled,0.0968570728185716,0.0353192135871184,2.74233378893513,0.00610043150299463,0.166082731449324,0.0276314141878195,plot,forb_richness_plot,forb_richness_plot ~ elevation_plot_scaled + herbivore_biomass_kg_ha_scaled + herbivore_species_richness_scaled + n_trigger_events_day_scaled + (1 | reserve/site_ID),significant,0.212,0.222,13.0944966714717,13.4597456132174,-0.626098058231719,elevation_plot_scaled
fixed,cond,herbivore_biomass_kg_ha_scaled,-0.0509956259710467,0.0471154527409292,-1.08235457805008,0.279095003084694,0.0413506614011745,-0.143341913343268,site,woody_richness_site,woody_richness_site ~ herbivore_biomass_kg_ha_scaled + herbivore_species_richness_scaled + n_trigger_events_day_scaled + (1 | reserve),non significant,0.168,0.172,-0.399716368457632,0.708600846242575,-5.02746817004186,none
fixed,cond,herbivore_species_richness_scaled,-0.0748350415989724,0.0413763976793597,-1.80864081447823,0.0705068233448374,0.00626269785257264,-0.155932781050517,site,woody_richness_site,woody_richness_site ~ herbivore_biomass_kg_ha_scaled + herbivore_species_richness_scaled + n_trigger_events_day_scaled + (1 | reserve),non significant,0.168,0.172,-0.399716368457632,0.708600846242575,-5.02746817004186,none
fixed,cond,n_trigger_events_day_scaled,0.00418465226766276,0.0381500026916957,0.109689435711984,0.912655678938447,0.0789586575433863,-0.0705893530080608,site,woody_richness_site,woody_richness_site ~ herbivore_biomass_kg_ha_scaled + herbivore_species_richness_scaled + n_trigger_events_day_scaled + (1 | reserve),non significant,0.168,0.172,-0.399716368457632,0.708600846242575,-5.02746817004186,none
fixed,cond,herbivore_biomass_kg_ha_scaled,0.0523083775362764,0.0423765303664266,1.23437140992832,0.217064537481252,0.135366377054473,-0.0307496219819197,site,plant_richness_site,plant_richness_site ~ herbivore_biomass_kg_ha_scaled + herbivore_species_richness_scaled + n_trigger_events_day_scaled + (1 | reserve),non significant,0.14,0.141,-3.45462709538293,-2.34630988068272,-8.08237889696716,none
fixed,cond,herbivore_species_richness_scaled,-0.0638180819536974,0.0419354549325435,-1.52181685059465,0.128054978082932,0.0183754097140878,-0.146011573621483,site,plant_richness_site,plant_richness_site ~ herbivore_biomass_kg_ha_scaled + herbivore_species_richness_scaled + n_trigger_events_day_scaled + (1 | reserve),non significant,0.14,0.141,-3.45462709538293,-2.34630988068272,-8.08237889696716,none
fixed,cond,n_trigger_events_day_scaled,0.0330833226500739,0.0259644666683184,1.27417686150442,0.202600743534145,0.0839736773199779,-0.0178070320198301,site,plant_richness_site,plant_richness_site ~ herbivore_biomass_kg_ha_scaled + herbivore_species_richness_scaled + n_trigger_events_day_scaled + (1 | reserve),non significant,0.14,0.141,-3.45462709538293,-2.34630988068272,-8.08237889696716,none
fixed,cond,herbivore_biomass_kg_ha_scaled,0.0718926145108685,0.072763483453812,0.988031511115101,0.32313721591738,0.21450904208034,-0.070723813058603,site,graminoid_richness_site,graminoid_richness_site ~ herbivore_biomass_kg_ha_scaled + herbivore_species_richness_scaled + n_trigger_events_day_scaled + (1 | reserve),non significant,0.156,0.159,-3.27096446481988,-2.16264725011968,-7.89871626640411,none
fixed,cond,herbivore_species_richness_scaled,0.0487517994432103,0.0743786681604768,0.655454052202509,0.512175460221603,0.194533989037745,-0.0970303901513242,site,graminoid_richness_site,graminoid_richness_site ~ herbivore_biomass_kg_ha_scaled + herbivore_species_richness_scaled + n_trigger_events_day_scaled + (1 | reserve),non significant,0.156,0.159,-3.27096446481988,-2.16264725011968,-7.89871626640411,none
fixed,cond,n_trigger_events_day_scaled,0.0460067813819652,0.0479336045747455,0.959802247090019,0.337154751182312,0.139956646348466,-0.0479430835845361,site,graminoid_richness_site,graminoid_richness_site ~ herbivore_biomass_kg_ha_scaled + herbivore_species_richness_scaled + n_trigger_events_day_scaled + (1 | reserve),non significant,0.156,0.159,-3.27096446481988,-2.16264725011968,-7.89871626640411,none
fixed,cond,herbivore_biomass_kg_ha_scaled,0.0853190965665805,0.0573917042782483,1.48661026257268,0.137117775744121,0.197806836951947,-0.0271686438187862,site,functional_richness_site,functional_richness_site ~ herbivore_biomass_kg_ha_scaled + herbivore_species_richness_scaled + n_trigger_events_day_scaled + (1 | reserve),non significant,0.162,0.169,-0.1441866166371,1.28756262502114,-4.44850639126331,none
fixed,cond,herbivore_species_richness_scaled,-0.0733246747106935,0.0538515884223433,-1.36160653490159,0.173322091796698,0.0322244385970994,-0.178873788018486,site,functional_richness_site,functional_richness_site ~ herbivore_biomass_kg_ha_scaled + herbivore_species_richness_scaled + n_trigger_events_day_scaled + (1 | reserve),non significant,0.162,0.169,-0.1441866166371,1.28756262502114,-4.44850639126331,none
fixed,cond,n_trigger_events_day_scaled,0.106272121510544,0.0531133477109609,2.0008552669071,0.0454079894754881,0.210374283024027,0.00216995999706092,site,functional_richness_site,functional_richness_site ~ herbivore_biomass_kg_ha_scaled + herbivore_species_richness_scaled + n_trigger_events_day_scaled + (1 | reserve),significant,0.162,0.169,-0.1441866166371,1.28756262502114,-4.44850639126331,none
fixed,cond,herbivore_biomass_kg_ha_scaled,0.00106628991288607,0.00713586611769607,0.149426838354184,0.881216835519212,0.0150525875035704,-0.0129200076777982,site,functional_redundancy_site,functional_redundancy_site ~ herbivore_biomass_kg_ha_scaled + herbivore_species_richness_scaled + n_trigger_events_day_scaled + (1 | reserve),non significant,0.126,0.126,-1.50559584809369,-0.0738466064354384,-5.80991562271987,none
fixed,cond,herbivore_species_richness_scaled,0.00166087290680561,0.00688407994858007,0.241262873065294,0.809351384049325,0.0151536696060225,-0.0118319237924113,site,functional_redundancy_site,functional_redundancy_site ~ herbivore_biomass_kg_ha_scaled + herbivore_species_richness_scaled + n_trigger_events_day_scaled + (1 | reserve),non significant,0.126,0.126,-1.50559584809369,-0.0738466064354384,-5.80991562271987,none
fixed,cond,n_trigger_events_day_scaled,0.0142867627474448,0.00617485968111383,2.31369836486192,0.0206842736573148,0.0263894877224279,0.00218403777246173,site,functional_redundancy_site,functional_redundancy_site ~ herbivore_biomass_kg_ha_scaled + herbivore_species_richness_scaled + n_trigger_events_day_scaled + (1 | reserve),significant,0.126,0.126,-1.50559584809369,-0.0738466064354384,-5.80991562271987,none
fixed,cond,herbivore_biomass_kg_ha_scaled,0.0359149774337606,0.0497992736671644,0.721194804442328,0.470789667957836,0.133521553821403,-0.0616915989538816,site,functional_diversity_site,functional_diversity_site ~ herbivore_biomass_kg_ha_scaled + herbivore_species_richness_scaled + n_trigger_events_day_scaled + (1 | reserve),non significant,0.041,0.042,-6.03336944545464,-4.60162020379639,-10.3376892200808,none
fixed,cond,herbivore_species_richness_scaled,-0.0583244233641326,0.0475582997220384,-1.22637738743854,0.220056691419204,0.0348898440910627,-0.151538690819328,site,functional_diversity_site,functional_diversity_site ~ herbivore_biomass_kg_ha_scaled + herbivore_species_richness_scaled + n_trigger_events_day_scaled + (1 | reserve),non significant,0.041,0.042,-6.03336944545464,-4.60162020379639,-10.3376892200808,none
fixed,cond,n_trigger_events_day_scaled,0.00297543288727525,0.0392324614320679,0.075841096343835,0.939545520104264,0.0798710572941282,-0.0739201915195777,site,functional_diversity_site,functional_diversity_site ~ herbivore_biomass_kg_ha_scaled + herbivore_species_richness_scaled + n_trigger_events_day_scaled + (1 | reserve),non significant,0.041,0.042,-6.03336944545464,-4.60162020379639,-10.3376892200808,none
fixed,cond,herbivore_biomass_kg_ha_scaled,0.0935809654623172,0.0395310815454241,2.36727561715674,0.0179195823531569,0.171061885291348,0.016100045633286,site,forb_richness_site,forb_richness_site ~ herbivore_biomass_kg_ha_scaled + herbivore_species_richness_scaled + n_trigger_events_day_scaled + (1 | reserve),significant,0.278,0.283,2.3037910250153,3.41210823971551,-2.32396077656892,none
fixed,cond,herbivore_species_richness_scaled,-0.121270880879262,0.0404685405712501,-2.99667047952345,0.00272945575087783,-0.0419525413596119,-0.200589220398912,site,forb_richness_site,forb_richness_site ~ herbivore_biomass_kg_ha_scaled + herbivore_species_richness_scaled + n_trigger_events_day_scaled + (1 | reserve),significant,0.278,0.283,2.3037910250153,3.41210823971551,-2.32396077656892,none
fixed,cond,n_trigger_events_day_scaled,0.0814812026588402,0.0358750555753772,2.2712495173043,0.0231318773691896,0.151796311586579,0.0111660937311009,site,forb_richness_site,forb_richness_site ~ herbivore_biomass_kg_ha_scaled + herbivore_species_richness_scaled + n_trigger_events_day_scaled + (1 | reserve),significant,0.278,0.283,2.3037910250153,3.41210823971551,-2.32396077656892,none
fixed,cond,mat_site_scaled,-0.0175932745910372,0.0483681385949949,-0.363736854509793,0.71605451982927,0.0772082770551528,-0.112394826237227,site,woody_richness_site,woody_richness_site ~ mat_site_scaled + herbivore_biomass_kg_ha_scaled + herbivore_species_richness_scaled + n_trigger_events_day_scaled + (1 | reserve),non significant,0.168,0.172,-2.84620386832603,-1.14803464516916,-8.79612666688172,mat_site_scaled
fixed,cond,herbivore_biomass_kg_ha_scaled,-0.0531336041646026,0.0492645177212319,-1.07853698000789,0.280794187955582,0.0434248505690119,-0.149692058898217,site,woody_richness_site,woody_richness_site ~ mat_site_scaled + herbivore_biomass_kg_ha_scaled + herbivore_species_richness_scaled + n_trigger_events_day_scaled + (1 | reserve),non significant,0.168,0.172,-2.84620386832603,-1.14803464516916,-8.79612666688172,mat_site_scaled
fixed,cond,herbivore_species_richness_scaled,-0.0781434961267984,0.0442753755018481,-1.76494259486374,0.0775734140020604,0.00863623985682391,-0.164923232110421,site,woody_richness_site,woody_richness_site ~ mat_site_scaled + herbivore_biomass_kg_ha_scaled + herbivore_species_richness_scaled + n_trigger_events_day_scaled + (1 | reserve),non significant,0.168,0.172,-2.84620386832603,-1.14803464516916,-8.79612666688172,mat_site_scaled
fixed,cond,n_trigger_events_day_scaled,-0.00150586383934663,0.0417896891268261,-0.0360343393504684,0.971254977883561,0.0804019268492326,-0.0834136545279258,site,woody_richness_site,woody_richness_site ~ mat_site_scaled + herbivore_biomass_kg_ha_scaled + herbivore_species_richness_scaled + n_trigger_events_day_scaled + (1 | reserve),non significant,0.168,0.172,-2.84620386832603,-1.14803464516916,-8.79612666688172,mat_site_scaled
fixed,cond,mat_site_scaled,-0.114541608666471,0.032381421391052,-3.53726315108953,0.00040429662336921,-0.0510740227400087,-0.178009194592933,site,plant_richness_site,plant_richness_site ~ mat_site_scaled + herbivore_biomass_kg_ha_scaled + herbivore_species_richness_scaled + n_trigger_events_day_scaled + (1 | reserve),significant,0.421,0.423,7.65336696170539,9.35153618486225,1.7034441631497,mat_site_scaled
fixed,cond,herbivore_biomass_kg_ha_scaled,0.031876801371574,0.0342569909090958,0.930519596895188,0.352102122435851,0.0990205035534018,-0.0352669008102539,site,plant_richness_site,plant_richness_site ~ mat_site_scaled + herbivore_biomass_kg_ha_scaled + herbivore_species_richness_scaled + n_trigger_events_day_scaled + (1 | reserve),non significant,0.421,0.423,7.65336696170539,9.35153618486225,1.7034441631497,mat_site_scaled
fixed,cond,herbivore_species_richness_scaled,-0.0905074073264045,0.0347629781185489,-2.6035573539688,0.00922618292837826,-0.0223719702140485,-0.15864284443876,site,plant_richness_site,plant_richness_site ~ mat_site_scaled + herbivore_biomass_kg_ha_scaled + herbivore_species_richness_scaled + n_trigger_events_day_scaled + (1 | reserve),significant,0.421,0.423,7.65336696170539,9.35153618486225,1.7034441631497,mat_site_scaled
fixed,cond,n_trigger_events_day_scaled,0.0226463345769084,0.0246536750427187,0.918578448757353,0.358316108691269,0.0709675376606371,-0.0256748685068203,site,plant_richness_site,plant_richness_site ~ mat_site_scaled + herbivore_biomass_kg_ha_scaled + herbivore_species_richness_scaled + n_trigger_events_day_scaled + (1 | reserve),non significant,0.421,0.423,7.65336696170539,9.35153618486225,1.7034441631497,mat_site_scaled
fixed,cond,mat_site_scaled,-0.174373576035437,0.0449373178130853,-3.88037347401855,0.000104296190316334,-0.0862964331217902,-0.262450718949084,site,graminoid_richness_site,graminoid_richness_site ~ mat_site_scaled + herbivore_biomass_kg_ha_scaled + herbivore_species_richness_scaled + n_trigger_events_day_scaled + (1 | reserve),significant,0.399,0.407,5.40614910487176,7.10431832802863,-0.543773693683932,mat_site_scaled
fixed,cond,herbivore_biomass_kg_ha_scaled,0.0381370158898173,0.0455966697264567,0.8363991519251,0.402930389544967,0.127506488553672,-0.0512324567740379,site,graminoid_richness_site,graminoid_richness_site ~ mat_site_scaled + herbivore_biomass_kg_ha_scaled + herbivore_species_richness_scaled + n_trigger_events_day_scaled + (1 | reserve),non significant,0.399,0.407,5.40614910487176,7.10431832802863,-0.543773693683932,mat_site_scaled
fixed,cond,herbivore_species_richness_scaled,0.015894695579225,0.0517757344342723,0.306991214183603,0.758850059613727,0.117375135070399,-0.0855857439119487,site,graminoid_richness_site,graminoid_richness_site ~ mat_site_scaled + herbivore_biomass_kg_ha_scaled + herbivore_species_richness_scaled + n_trigger_events_day_scaled + (1 | reserve),non significant,0.399,0.407,5.40614910487176,7.10431832802863,-0.543773693683932,mat_site_scaled
fixed,cond,n_trigger_events_day_scaled,0.0367297321238135,0.0430506142770178,0.853175564173571,0.393561952142629,0.121108936106768,-0.0476494718591415,site,graminoid_richness_site,graminoid_richness_site ~ mat_site_scaled + herbivore_biomass_kg_ha_scaled + herbivore_species_richness_scaled + n_trigger_events_day_scaled + (1 | reserve),non significant,0.399,0.407,5.40614910487176,7.10431832802863,-0.543773693683932,mat_site_scaled
fixed,cond,mat_site_scaled,-0.108412245960231,0.0515109330566022,-2.1046453544358,0.0353221905192608,-0.00745081716929093,-0.209373674751172,site,functional_richness_site,functional_richness_site ~ mat_site_scaled + herbivore_biomass_kg_ha_scaled + herbivore_species_richness_scaled + n_trigger_events_day_scaled + (1 | reserve),significant,0.233,0.241,1.44301873308679,3.58794626931868,-4.06014575239391,mat_site_scaled
fixed,cond,herbivore_biomass_kg_ha_scaled,0.0728153872966213,0.0549765466052756,1.32448092491924,0.185343374037632,0.180569418642962,-0.0349386440497189,site,functional_richness_site,functional_richness_site ~ mat_site_scaled + herbivore_biomass_kg_ha_scaled + herbivore_species_richness_scaled + n_trigger_events_day_scaled + (1 | reserve),non significant,0.233,0.241,1.44301873308679,3.58794626931868,-4.06014575239391,mat_site_scaled
fixed,cond,herbivore_species_richness_scaled,-0.0952145942089849,0.0518865327316594,-1.83505409200118,0.0664976751136183,0.00648300994506747,-0.196912198363037,site,functional_richness_site,functional_richness_site ~ mat_site_scaled + herbivore_biomass_kg_ha_scaled + herbivore_species_richness_scaled + n_trigger_events_day_scaled + (1 | reserve),non significant,0.233,0.241,1.44301873308679,3.58794626931868,-4.06014575239391,mat_site_scaled
fixed,cond,n_trigger_events_day_scaled,0.0713507075558678,0.0524806084371538,1.35956326880835,0.173968168343658,0.174212700092689,-0.0315112849809537,site,functional_richness_site,functional_richness_site ~ mat_site_scaled + herbivore_biomass_kg_ha_scaled + herbivore_species_richness_scaled + n_trigger_events_day_scaled + (1 | reserve),non significant,0.233,0.241,1.44301873308679,3.58794626931868,-4.06014575239391,mat_site_scaled
fixed,cond,mat_site_scaled,0.00479805879182288,0.00658029261098272,0.729155840853456,0.465906339908177,0.017695432309349,-0.00809931472570324,site,functional_redundancy_site,functional_redundancy_site ~ mat_site_scaled + herbivore_biomass_kg_ha_scaled + herbivore_species_richness_scaled + n_trigger_events_day_scaled + (1 | reserve),non significant,0.135,0.135,-3.69021064938966,-1.54528311315778,-9.19337513487037,mat_site_scaled
fixed,cond,herbivore_biomass_kg_ha_scaled,0.00165550011239939,0.00714565937326056,0.231679125175538,0.816787245989973,0.0156609924839901,-0.0123499922591913,site,functional_redundancy_site,functional_redundancy_site ~ mat_site_scaled + herbivore_biomass_kg_ha_scaled + herbivore_species_richness_scaled + n_trigger_events_day_scaled + (1 | reserve),non significant,0.135,0.135,-3.69021064938966,-1.54528311315778,-9.19337513487037,mat_site_scaled
fixed,cond,herbivore_species_richness_scaled,0.00263611730942272,0.00698144247229949,0.377589204506394,0.705735785573413,0.0163197445551297,-0.0110475099362843,site,functional_redundancy_site,functional_redundancy_site ~ mat_site_scaled + herbivore_biomass_kg_ha_scaled + herbivore_species_richness_scaled + n_trigger_events_day_scaled + (1 | reserve),non significant,0.135,0.135,-3.69021064938966,-1.54528311315778,-9.19337513487037,mat_site_scaled
fixed,cond,n_trigger_events_day_scaled,0.0157755740216443,0.00647889846778903,2.43491607409427,0.0148952440455066,0.0284742150185108,0.00307693302477778,site,functional_redundancy_site,functional_redundancy_site ~ mat_site_scaled + herbivore_biomass_kg_ha_scaled + herbivore_species_richness_scaled + n_trigger_events_day_scaled + (1 | reserve),significant,0.135,0.135,-3.69021064938966,-1.54528311315778,-9.19337513487037,mat_site_scaled
fixed,cond,mat_site_scaled,-0.102361797706675,0.0368213136518407,-2.77996050533514,0.00543655099783358,-0.0301920229490671,-0.174531572464283,site,functional_diversity_site,functional_diversity_site ~ mat_site_scaled + herbivore_biomass_kg_ha_scaled + herbivore_species_richness_scaled + n_trigger_events_day_scaled + (1 | reserve),significant,0.177,0.181,-2.29943028820418,-0.154502751972302,-7.80259477368489,mat_site_scaled
fixed,cond,herbivore_biomass_kg_ha_scaled,0.0244643904562512,0.0400861709759071,0.610295018472953,0.541666396254268,0.103033285569029,-0.0541045046565267,site,functional_diversity_site,functional_diversity_site ~ mat_site_scaled + herbivore_biomass_kg_ha_scaled + herbivore_species_richness_scaled + n_trigger_events_day_scaled + (1 | reserve),non significant,0.177,0.181,-2.29943028820418,-0.154502751972302,-7.80259477368489,mat_site_scaled
fixed,cond,herbivore_species_richness_scaled,-0.0795571123925031,0.0377313512674599,-2.10851479525766,0.0349864843533262,-0.00560366390828174,-0.153510560876724,site,functional_diversity_site,functional_diversity_site ~ mat_site_scaled + herbivore_biomass_kg_ha_scaled + herbivore_species_richness_scaled + n_trigger_events_day_scaled + (1 | reserve),significant,0.177,0.181,-2.29943028820418,-0.154502751972302,-7.80259477368489,mat_site_scaled
fixed,cond,n_trigger_events_day_scaled,-0.030335824250635,0.0371028922851846,-0.817613463054693,0.4135779375695,0.0423858446283268,-0.103057493129597,site,functional_diversity_site,functional_diversity_site ~ mat_site_scaled + herbivore_biomass_kg_ha_scaled + herbivore_species_richness_scaled + n_trigger_events_day_scaled + (1 | reserve),non significant,0.177,0.181,-2.29943028820418,-0.154502751972302,-7.80259477368489,mat_site_scaled
fixed,cond,mat_site_scaled,-0.11500394427081,0.0349533646274281,-3.29021098531287,0.00100112286531561,-0.0464953496010511,-0.183512538940569,site,forb_richness_site,forb_richness_site ~ mat_site_scaled + herbivore_biomass_kg_ha_scaled + herbivore_species_richness_scaled + n_trigger_events_day_scaled + (1 | reserve),significant,0.403,0.409,10.3284927343893,12.0266619575461,4.37856993583358,mat_site_scaled
fixed,cond,herbivore_biomass_kg_ha_scaled,0.0813106740851388,0.036248420734087,2.24315080322041,0.0248870915371237,0.152357578723949,0.0102637694463282,site,forb_richness_site,forb_richness_site ~ mat_site_scaled + herbivore_biomass_kg_ha_scaled + herbivore_species_richness_scaled + n_trigger_events_day_scaled + (1 | reserve),significant,0.403,0.409,10.3284927343893,12.0266619575461,4.37856993583358,mat_site_scaled
fixed,cond,herbivore_species_richness_scaled,-0.150212306278607,0.0393174287817046,-3.82050177066779,0.00013318044903251,-0.0731501458664662,-0.227274466690748,site,forb_richness_site,forb_richness_site ~ mat_site_scaled + herbivore_biomass_kg_ha_scaled + herbivore_species_richness_scaled + n_trigger_events_day_scaled + (1 | reserve),significant,0.403,0.409,10.3284927343893,12.0266619575461,4.37856993583358,mat_site_scaled
fixed,cond,n_trigger_events_day_scaled,0.055404018417421,0.0335565230421526,1.65106552749295,0.0987251953943829,0.12117480358004,-0.010366766745198,site,forb_richness_site,forb_richness_site ~ mat_site_scaled + herbivore_biomass_kg_ha_scaled + herbivore_species_richness_scaled + n_trigger_events_day_scaled + (1 | reserve),non significant,0.403,0.409,10.3284927343893,12.0266619575461,4.37856993583358,mat_site_scaled
fixed,cond,map_site_scaled,-0.0372755395665055,0.0399368208129703,-0.93336271660361,0.350632723571401,0.0410006292269162,-0.115551708359927,site,woody_richness_site,woody_richness_site ~ map_site_scaled + herbivore_biomass_kg_ha_scaled + herbivore_species_richness_scaled + n_trigger_events_day_scaled + (1 | reserve),non significant,0.179,0.183,-2.1051165372179,-0.406947314061028,-8.05503933577359,map_site_scaled
fixed,cond,herbivore_biomass_kg_ha_scaled,-0.0379519992737517,0.0491134370961954,-0.772741667405959,0.439675281824861,0.0583103374347913,-0.134214335982295,site,woody_richness_site,woody_richness_site ~ map_site_scaled + herbivore_biomass_kg_ha_scaled + herbivore_species_richness_scaled + n_trigger_events_day_scaled + (1 | reserve),non significant,0.179,0.183,-2.1051165372179,-0.406947314061028,-8.05503933577359,map_site_scaled
fixed,cond,herbivore_species_richness_scaled,-0.0892591172631802,0.0440616019129367,-2.02578012119376,0.0427873219029696,-0.00289837751382432,-0.175619857012536,site,woody_richness_site,woody_richness_site ~ map_site_scaled + herbivore_biomass_kg_ha_scaled + herbivore_species_richness_scaled + n_trigger_events_day_scaled + (1 | reserve),significant,0.179,0.183,-2.1051165372179,-0.406947314061028,-8.05503933577359,map_site_scaled
fixed,cond,n_trigger_events_day_scaled,0.0128952811119525,0.039012154113164,0.33054522122892,0.740988029300019,0.0893591031737539,-0.0635685409498488,site,woody_richness_site,woody_richness_site ~ map_site_scaled + herbivore_biomass_kg_ha_scaled + herbivore_species_richness_scaled + n_trigger_events_day_scaled + (1 | reserve),non significant,0.179,0.183,-2.1051165372179,-0.406947314061028,-8.05503933577359,map_site_scaled
fixed,cond,map_site_scaled,0.0651130684561595,0.0320539054524222,2.0313614686612,0.0422183400939668,0.127938723142907,0.00228741376941205,site,plant_richness_site,plant_richness_site ~ map_site_scaled + herbivore_biomass_kg_ha_scaled + herbivore_species_richness_scaled + n_trigger_events_day_scaled + (1 | reserve),significant,0.27,0.272,-2.30616976612652,-0.608000542969648,-8.25609256468221,map_site_scaled
fixed,cond,herbivore_biomass_kg_ha_scaled,0.0261835891991002,0.0382909009771142,0.683807080296953,0.4940969950702,0.101233755114244,-0.0488665767160436,site,plant_richness_site,plant_richness_site ~ map_site_scaled + herbivore_biomass_kg_ha_scaled + herbivore_species_richness_scaled + n_trigger_events_day_scaled + (1 | reserve),non significant,0.27,0.272,-2.30616976612652,-0.608000542969648,-8.25609256468221,map_site_scaled
fixed,cond,herbivore_species_richness_scaled,-0.0395727433195515,0.0381284913299854,-1.03787855063728,0.299326600669082,0.0351590996872199,-0.114304586326323,site,plant_richness_site,plant_richness_site ~ map_site_scaled + herbivore_biomass_kg_ha_scaled + herbivore_species_richness_scaled + n_trigger_events_day_scaled + (1 | reserve),non significant,0.27,0.272,-2.30616976612652,-0.608000542969648,-8.25609256468221,map_site_scaled
fixed,cond,n_trigger_events_day_scaled,0.0315915124608719,0.0250934976306851,1.25895213675756,0.208047620450945,0.0807747678170147,-0.017591742895271,site,plant_richness_site,plant_richness_site ~ map_site_scaled + herbivore_biomass_kg_ha_scaled + herbivore_species_richness_scaled + n_trigger_events_day_scaled + (1 | reserve),non significant,0.27,0.272,-2.30616976612652,-0.608000542969648,-8.25609256468221,map_site_scaled
fixed,cond,map_site_scaled,0.150291910330273,0.0471368265342513,3.18841808794799,0.00143053533723216,0.242680090337406,0.057903730323141,site,graminoid_richness_site,graminoid_richness_site ~ map_site_scaled + herbivore_biomass_kg_ha_scaled + herbivore_species_richness_scaled + n_trigger_events_day_scaled + (1 | reserve),significant,0.352,0.36,2.36751096263021,4.06568018578707,-3.58241183592548,map_site_scaled
fixed,cond,herbivore_biomass_kg_ha_scaled,0.0114765049891989,0.0526010749220758,0.218180046818443,0.827288830933178,0.114574611836467,-0.0916216018580696,site,graminoid_richness_site,graminoid_richness_site ~ map_site_scaled + herbivore_biomass_kg_ha_scaled + herbivore_species_richness_scaled + n_trigger_events_day_scaled + (1 | reserve),non significant,0.352,0.36,2.36751096263021,4.06568018578707,-3.58241183592548,map_site_scaled
fixed,cond,herbivore_species_richness_scaled,0.109022704994425,0.0572432023343442,1.90455286476896,0.0568382186173212,0.221219381569739,-0.00317397158088992,site,graminoid_richness_site,graminoid_richness_site ~ map_site_scaled + herbivore_biomass_kg_ha_scaled + herbivore_species_richness_scaled + n_trigger_events_day_scaled + (1 | reserve),non significant,0.352,0.36,2.36751096263021,4.06568018578707,-3.58241183592548,map_site_scaled
fixed,cond,n_trigger_events_day_scaled,0.0467657133356813,0.0446053193034792,1.04843355155701,0.294438902103998,0.1341921391705,-0.0406607124991378,site,graminoid_richness_site,graminoid_richness_site ~ map_site_scaled + herbivore_biomass_kg_ha_scaled + herbivore_species_richness_scaled + n_trigger_events_day_scaled + (1 | reserve),non significant,0.352,0.36,2.36751096263021,4.06568018578707,-3.58241183592548,map_site_scaled
fixed,cond,map_site_scaled,0.0806596870194233,0.0510200910026832,1.58093969325106,0.113891827406536,0.180659065384682,-0.0193396913458357,site,functional_richness_site,functional_richness_site ~ map_site_scaled + herbivore_biomass_kg_ha_scaled + herbivore_species_richness_scaled + n_trigger_events_day_scaled + (1 | reserve),non significant,0.204,0.212,-0.340657390362324,1.80427014586957,-5.84382187584302,map_site_scaled
fixed,cond,herbivore_biomass_kg_ha_scaled,0.0590463369989562,0.058329252405946,1.01229373879198,0.311397627669601,0.17337167171461,-0.0552789977166979,site,functional_richness_site,functional_richness_site ~ map_site_scaled + herbivore_biomass_kg_ha_scaled + herbivore_species_richness_scaled + n_trigger_events_day_scaled + (1 | reserve),non significant,0.204,0.212,-0.340657390362324,1.80427014586957,-5.84382187584302,map_site_scaled
fixed,cond,herbivore_species_richness_scaled,-0.0415588600646443,0.0558580548174796,-0.744008365497887,0.456871414159148,0.0679229273776157,-0.151040647506904,site,functional_richness_site,functional_richness_site ~ map_site_scaled + herbivore_biomass_kg_ha_scaled + herbivore_species_richness_scaled + n_trigger_events_day_scaled + (1 | reserve),non significant,0.204,0.212,-0.340657390362324,1.80427014586957,-5.84382187584302,map_site_scaled
fixed,cond,n_trigger_events_day_scaled,0.0858958498052055,0.0526781320389354,1.63057888502421,0.10297920753715,0.189144988601519,-0.0173532889911079,site,functional_richness_site,functional_richness_site ~ map_site_scaled + herbivore_biomass_kg_ha_scaled + herbivore_species_richness_scaled + n_trigger_events_day_scaled + (1 | reserve),non significant,0.204,0.212,-0.340657390362324,1.80427014586957,-5.84382187584302,map_site_scaled
fixed,cond,map_site_scaled,-0.00575823916958161,0.00638305589362862,-0.902113230017194,0.3669967216183,0.0067525503819305,-0.0182690287210937,site,functional_redundancy_site,functional_redundancy_site ~ map_site_scaled + herbivore_biomass_kg_ha_scaled + herbivore_species_richness_scaled + n_trigger_events_day_scaled + (1 | reserve),non significant,0.14,0.14,-3.41334671548663,-1.26841917925475,-8.91651120096734,map_site_scaled
fixed,cond,herbivore_biomass_kg_ha_scaled,0.00306931112252305,0.00741904722832971,0.413706912499876,0.679088764068595,0.0176106436900493,-0.0114720214450032,site,functional_redundancy_site,functional_redundancy_site ~ map_site_scaled + herbivore_biomass_kg_ha_scaled + herbivore_species_richness_scaled + n_trigger_events_day_scaled + (1 | reserve),non significant,0.14,0.14,-3.41334671548663,-1.26841917925475,-8.91651120096734,map_site_scaled
fixed,cond,herbivore_species_richness_scaled,-0.000652015940811727,0.00729773094738041,-0.0893450232014615,0.928807713775556,0.0136515367160539,-0.0149555685976773,site,functional_redundancy_site,functional_redundancy_site ~ map_site_scaled + herbivore_biomass_kg_ha_scaled + herbivore_species_richness_scaled + n_trigger_events_day_scaled + (1 | reserve),non significant,0.14,0.14,-3.41334671548663,-1.26841917925475,-8.91651120096734,map_site_scaled
fixed,cond,n_trigger_events_day_scaled,0.0156452431168788,0.00631427580913609,2.4777573216301,0.0132211035505033,0.0280212237027855,0.00326926253097204,site,functional_redundancy_site,functional_redundancy_site ~ map_site_scaled + herbivore_biomass_kg_ha_scaled + herbivore_species_richness_scaled + n_trigger_events_day_scaled + (1 | reserve),significant,0.14,0.14,-3.41334671548663,-1.26841917925475,-8.91651120096734,map_site_scaled
fixed,cond,map_site_scaled,0.0566005078217892,0.0404909028715527,1.39785739037087,0.162155896269035,0.135962677450033,-0.0227616618064542,site,functional_diversity_site,functional_diversity_site ~ map_site_scaled + herbivore_biomass_kg_ha_scaled + herbivore_species_richness_scaled + n_trigger_events_day_scaled + (1 | reserve),non significant,0.087,0.089,-6.97835895839822,-4.83343142216634,-12.4815234438789,map_site_scaled
fixed,cond,herbivore_biomass_kg_ha_scaled,0.0166899548554334,0.0471729623687266,0.353803408083145,0.723486219211818,0.109148961098138,-0.0757690513872708,site,functional_diversity_site,functional_diversity_site ~ map_site_scaled + herbivore_biomass_kg_ha_scaled + herbivore_species_richness_scaled + n_trigger_events_day_scaled + (1 | reserve),non significant,0.087,0.089,-6.97835895839822,-4.83343142216634,-12.4815234438789,map_site_scaled
fixed,cond,herbivore_species_richness_scaled,-0.0369319853486946,0.0455935912391453,-0.81002580285858,0.417925346020159,0.0524314534800302,-0.126295424177419,site,functional_diversity_site,functional_diversity_site ~ map_site_scaled + herbivore_biomass_kg_ha_scaled + herbivore_species_richness_scaled + n_trigger_events_day_scaled + (1 | reserve),non significant,0.087,0.089,-6.97835895839822,-4.83343142216634,-12.4815234438789,map_site_scaled
fixed,cond,n_trigger_events_day_scaled,-0.00962369279712332,0.0390479291858091,-0.246458467780176,0.805327350892561,0.0669102484070626,-0.0861576340013092,site,functional_diversity_site,functional_diversity_site ~ map_site_scaled + herbivore_biomass_kg_ha_scaled + herbivore_species_richness_scaled + n_trigger_events_day_scaled + (1 | reserve),non significant,0.087,0.089,-6.97835895839822,-4.83343142216634,-12.4815234438789,map_site_scaled
fixed,cond,map_site_scaled,0.0730123269268174,0.0333772922134861,2.18748502604165,0.0287071351614817,0.13843181966525,0.00759283418838459,site,forb_richness_site,forb_richness_site ~ map_site_scaled + herbivore_biomass_kg_ha_scaled + herbivore_species_richness_scaled + n_trigger_events_day_scaled + (1 | reserve),significant,0.348,0.354,4.28047427952151,5.97864350267838,-1.66944851903418,map_site_scaled
fixed,cond,herbivore_biomass_kg_ha_scaled,0.0693539632581587,0.0373402677128041,1.85735045585592,0.0632613103135197,0.142540887975255,-0.0038329614589373,site,forb_richness_site,forb_richness_site ~ map_site_scaled + herbivore_biomass_kg_ha_scaled + herbivore_species_richness_scaled + n_trigger_events_day_scaled + (1 | reserve),non significant,0.348,0.354,4.28047427952151,5.97864350267838,-1.66944851903418,map_site_scaled
fixed,cond,herbivore_species_richness_scaled,-0.0963123910928922,0.0395670647830026,-2.43415556905972,0.0149265782145411,-0.0187609441182072,-0.173863838067577,site,forb_richness_site,forb_richness_site ~ map_site_scaled + herbivore_biomass_kg_ha_scaled + herbivore_species_richness_scaled + n_trigger_events_day_scaled + (1 | reserve),significant,0.348,0.354,4.28047427952151,5.97864350267838,-1.66944851903418,map_site_scaled
fixed,cond,n_trigger_events_day_scaled,0.0717468522540199,0.0325627378210289,2.20334213444688,0.0275706433578216,0.135569818383237,0.00792388612480317,site,forb_richness_site,forb_richness_site ~ map_site_scaled + herbivore_biomass_kg_ha_scaled + herbivore_species_richness_scaled + n_trigger_events_day_scaled + (1 | reserve),significant,0.348,0.354,4.28047427952151,5.97864350267838,-1.66944851903418,map_site_scaled
fixed,cond,elevation_site_scaled,0.0334633075350745,0.0508241353564463,0.658413710344217,0.510272327847385,0.133078612833709,-0.0661519977635603,site,woody_richness_site,woody_richness_site ~ elevation_site_scaled + herbivore_biomass_kg_ha_scaled + herbivore_species_richness_scaled + n_trigger_events_day_scaled + (1 | reserve),non significant,0.173,0.177,-2.49285029366325,-0.794681070506385,-8.44277309221894,elevation_site_scaled
fixed,cond,herbivore_biomass_kg_ha_scaled,-0.0558260110306014,0.0509628378745471,-1.09542587027877,0.273330105424517,0.0440611512035109,-0.155713173264714,site,woody_richness_site,woody_richness_site ~ elevation_site_scaled + herbivore_biomass_kg_ha_scaled + herbivore_species_richness_scaled + n_trigger_events_day_scaled + (1 | reserve),non significant,0.173,0.177,-2.49285029366325,-0.794681070506385,-8.44277309221894,elevation_site_scaled
fixed,cond,herbivore_species_richness_scaled,-0.0816483887018782,0.0460329937250836,-1.77369278195321,0.0761139810305416,0.00857627899928561,-0.171873056403042,site,woody_richness_site,woody_richness_site ~ elevation_site_scaled + herbivore_biomass_kg_ha_scaled + herbivore_species_richness_scaled + n_trigger_events_day_scaled + (1 | reserve),non significant,0.173,0.177,-2.49285029366325,-0.794681070506385,-8.44277309221894,elevation_site_scaled
fixed,cond,n_trigger_events_day_scaled,-0.00575614331336722,0.0419628398307334,-0.13717239673449,0.890894528853688,0.0764910227548702,-0.0880033093816046,site,woody_richness_site,woody_richness_site ~ elevation_site_scaled + herbivore_biomass_kg_ha_scaled + herbivore_species_richness_scaled + n_trigger_events_day_scaled + (1 | reserve),non significant,0.173,0.177,-2.49285029366325,-0.794681070506385,-8.44277309221894,elevation_site_scaled
fixed,cond,elevation_site_scaled,0.116497489141015,0.030735196483964,3.79036096944417,0.000150428514252347,0.176738474249584,0.0562565040324454,site,plant_richness_site,plant_richness_site ~ elevation_site_scaled + herbivore_biomass_kg_ha_scaled + herbivore_species_richness_scaled + n_trigger_events_day_scaled + (1 | reserve),significant,0.433,0.435,9.0269469293815,10.7251161525384,3.07702413082581,elevation_site_scaled
fixed,cond,herbivore_biomass_kg_ha_scaled,0.0297747865112929,0.0330793233370938,0.900102647441542,0.368065627276514,0.0946102602519967,-0.0350606872294109,site,plant_richness_site,plant_richness_site ~ elevation_site_scaled + herbivore_biomass_kg_ha_scaled + herbivore_species_richness_scaled + n_trigger_events_day_scaled + (1 | reserve),non significant,0.433,0.435,9.0269469293815,10.7251161525384,3.07702413082581,elevation_site_scaled
fixed,cond,herbivore_species_richness_scaled,-0.0927375730097657,0.0335914497596133,-2.76074934762903,0.00576689171522509,-0.0268983314809237,-0.158576814538608,site,plant_richness_site,plant_richness_site ~ elevation_site_scaled + herbivore_biomass_kg_ha_scaled + herbivore_species_richness_scaled + n_trigger_events_day_scaled + (1 | reserve),significant,0.433,0.435,9.0269469293815,10.7251161525384,3.07702413082581,elevation_site_scaled
fixed,cond,n_trigger_events_day_scaled,0.0244551705433639,0.0243096232671457,1.00598722878667,0.314421713538841,0.0721020321469694,-0.0231916910602417,site,plant_richness_site,plant_richness_site ~ elevation_site_scaled + herbivore_biomass_kg_ha_scaled + herbivore_species_richness_scaled + n_trigger_events_day_scaled + (1 | reserve),non significant,0.433,0.435,9.0269469293815,10.7251161525384,3.07702413082581,elevation_site_scaled
fixed,cond,elevation_site_scaled,0.179255993667653,0.0421950618766235,4.24826948214438,2.15428161999497e-05,0.261958314945835,0.0965536723894712,site,graminoid_richness_site,graminoid_richness_site ~ elevation_site_scaled + herbivore_biomass_kg_ha_scaled + herbivore_species_richness_scaled + n_trigger_events_day_scaled + (1 | reserve),significant,0.409,0.417,6.9343683475002,8.63253757065706,0.984445548944507,elevation_site_scaled
fixed,cond,herbivore_biomass_kg_ha_scaled,0.0357770086625714,0.0440523625153761,0.812147331487244,0.416707096811006,0.122119639192709,-0.0505656218675658,site,graminoid_richness_site,graminoid_richness_site ~ elevation_site_scaled + herbivore_biomass_kg_ha_scaled + herbivore_species_richness_scaled + n_trigger_events_day_scaled + (1 | reserve),non significant,0.409,0.417,6.9343683475002,8.63253757065706,0.984445548944507,elevation_site_scaled
fixed,cond,herbivore_species_richness_scaled,0.0116512583916554,0.0499377288051783,0.233315744837142,0.815516233338807,0.109529206849805,-0.0862266900664941,site,graminoid_richness_site,graminoid_richness_site ~ elevation_site_scaled + herbivore_biomass_kg_ha_scaled + herbivore_species_richness_scaled + n_trigger_events_day_scaled + (1 | reserve),non significant,0.409,0.417,6.9343683475002,8.63253757065706,0.984445548944507,elevation_site_scaled
fixed,cond,n_trigger_events_day_scaled,0.0384914142856598,0.0414639731716783,0.928309839635704,0.353246871474246,0.119760801702149,-0.0427779731308296,site,graminoid_richness_site,graminoid_richness_site ~ elevation_site_scaled + herbivore_biomass_kg_ha_scaled + herbivore_species_richness_scaled + n_trigger_events_day_scaled + (1 | reserve),non significant,0.409,0.417,6.9343683475002,8.63253757065706,0.984445548944507,elevation_site_scaled
fixed,cond,elevation_site_scaled,0.110934243939634,0.0515214416896026,2.15316653225605,0.0313055929177201,0.211916269651255,0.00995221822801284,site,functional_richness_site,functional_richness_site ~ elevation_site_scaled + herbivore_biomass_kg_ha_scaled + herbivore_species_richness_scaled + n_trigger_events_day_scaled + (1 | reserve),significant,0.235,0.243,1.65943298174805,3.80436051797994,-3.84373150373264,elevation_site_scaled
fixed,cond,herbivore_biomass_kg_ha_scaled,0.071091286893045,0.0546916446273106,1.29985644749738,0.193650174542738,0.178286910362574,-0.0361043365764838,site,functional_richness_site,functional_richness_site ~ elevation_site_scaled + herbivore_biomass_kg_ha_scaled + herbivore_species_richness_scaled + n_trigger_events_day_scaled + (1 | reserve),non significant,0.235,0.243,1.65943298174805,3.80436051797994,-3.84373150373264,elevation_site_scaled
fixed,cond,herbivore_species_richness_scaled,-0.097183035209946,0.0518200100927475,-1.87539591435833,0.0607382767949131,0.00438418457183898,-0.198750254991731,site,functional_richness_site,functional_richness_site ~ elevation_site_scaled + herbivore_biomass_kg_ha_scaled + herbivore_species_richness_scaled + n_trigger_events_day_scaled + (1 | reserve),non significant,0.235,0.243,1.65943298174805,3.80436051797994,-3.84373150373264,elevation_site_scaled
fixed,cond,n_trigger_events_day_scaled,0.0709460282424063,0.0521092435982339,1.36148643395029,0.173360017796338,0.173080145694945,-0.0311880892101322,site,functional_richness_site,functional_richness_site ~ elevation_site_scaled + herbivore_biomass_kg_ha_scaled + herbivore_species_richness_scaled + n_trigger_events_day_scaled + (1 | reserve),non significant,0.235,0.243,1.65943298174805,3.80436051797994,-3.84373150373264,elevation_site_scaled
fixed,cond,elevation_site_scaled,-0.00477751927993287,0.00661276072645566,-0.722469703284357,0.470005745720454,0.00818349174392023,-0.017738530303786,site,functional_redundancy_site,functional_redundancy_site ~ elevation_site_scaled + herbivore_biomass_kg_ha_scaled + herbivore_species_richness_scaled + n_trigger_events_day_scaled + (1 | reserve),non significant,0.135,0.135,-3.69994087699627,-1.55501334076439,-9.20310536247698,elevation_site_scaled
fixed,cond,herbivore_biomass_kg_ha_scaled,0.00171112102761295,0.00715778050143358,0.239057488179505,0.81106100562501,0.0157403708104228,-0.0123181287551969,site,functional_redundancy_site,functional_redundancy_site ~ elevation_site_scaled + herbivore_biomass_kg_ha_scaled + herbivore_species_richness_scaled + n_trigger_events_day_scaled + (1 | reserve),non significant,0.135,0.135,-3.69994087699627,-1.55501334076439,-9.20310536247698,elevation_site_scaled
fixed,cond,herbivore_species_richness_scaled,0.00268467263248799,0.00699830497665089,0.383617553313998,0.701261927991703,0.0164013503867237,-0.0110320051217477,site,functional_redundancy_site,functional_redundancy_site ~ elevation_site_scaled + herbivore_biomass_kg_ha_scaled + herbivore_species_richness_scaled + n_trigger_events_day_scaled + (1 | reserve),non significant,0.135,0.135,-3.69994087699627,-1.55501334076439,-9.20310536247698,elevation_site_scaled
fixed,cond,n_trigger_events_day_scaled,0.0157225684060196,0.00646354916265666,2.43249768979204,0.0149950871706744,0.0283911247648267,0.00305401204721254,site,functional_redundancy_site,functional_redundancy_site ~ elevation_site_scaled + herbivore_biomass_kg_ha_scaled + herbivore_species_richness_scaled + n_trigger_events_day_scaled + (1 | reserve),significant,0.135,0.135,-3.69994087699627,-1.55501334076439,-9.20310536247698,elevation_site_scaled
fixed,cond,elevation_site_scaled,0.108302933839824,0.0366243242197727,2.95713125489844,0.00310515906581421,0.180086609310578,0.0365192583690692,site,functional_diversity_site,functional_diversity_site ~ elevation_site_scaled + herbivore_biomass_kg_ha_scaled + herbivore_species_richness_scaled + n_trigger_events_day_scaled + (1 | reserve),significant,0.193,0.196,-1.37171438758068,0.773213148651195,-6.87487887306139,elevation_site_scaled
fixed,cond,herbivore_biomass_kg_ha_scaled,0.0218851112091463,0.0396039290909456,0.552599494835219,0.580537687985392,0.0995088122273996,-0.055738589809107,site,functional_diversity_site,functional_diversity_site ~ elevation_site_scaled + herbivore_biomass_kg_ha_scaled + herbivore_species_richness_scaled + n_trigger_events_day_scaled + (1 | reserve),non significant,0.193,0.196,-1.37171438758068,0.773213148651195,-6.87487887306139,elevation_site_scaled
fixed,cond,herbivore_species_richness_scaled,-0.0826990999748641,0.0374280874233867,-2.20954651086954,0.0271366510655872,-0.0093400486250261,-0.156058151324702,site,functional_diversity_site,functional_diversity_site ~ elevation_site_scaled + herbivore_biomass_kg_ha_scaled + herbivore_species_richness_scaled + n_trigger_events_day_scaled + (1 | reserve),significant,0.193,0.196,-1.37171438758068,0.773213148651195,-6.87487887306139,elevation_site_scaled
fixed,cond,n_trigger_events_day_scaled,-0.0314675191623446,0.0364931681590072,-0.862285209802423,0.388530589570731,0.0400590904293095,-0.102994128753999,site,functional_diversity_site,functional_diversity_site ~ elevation_site_scaled + herbivore_biomass_kg_ha_scaled + herbivore_species_richness_scaled + n_trigger_events_day_scaled + (1 | reserve),non significant,0.193,0.196,-1.37171438758068,0.773213148651195,-6.87487887306139,elevation_site_scaled
fixed,cond,elevation_site_scaled,0.111969850313661,0.0349246994861233,3.20603618531207,0.00134577064028145,0.180422261306463,0.0435174393208594,site,forb_richness_site,forb_richness_site ~ elevation_site_scaled + herbivore_biomass_kg_ha_scaled + herbivore_species_richness_scaled + n_trigger_events_day_scaled + (1 | reserve),significant,0.4,0.405,9.73924566887922,11.4374148920361,3.78932287032353,elevation_site_scaled
fixed,cond,herbivore_biomass_kg_ha_scaled,0.0805507495640708,0.0364174413947923,2.2118728411159,0.0269754522969184,0.151928934697864,0.00917256443027802,site,forb_richness_site,forb_richness_site ~ elevation_site_scaled + herbivore_biomass_kg_ha_scaled + herbivore_species_richness_scaled + n_trigger_events_day_scaled + (1 | reserve),significant,0.4,0.405,9.73924566887922,11.4374148920361,3.78932287032353,elevation_site_scaled
fixed,cond,herbivore_species_richness_scaled,-0.151670732305062,0.039541494454255,-3.83573596290165,0.000125188846379155,-0.0741694031747222,-0.229172061435402,site,forb_richness_site,forb_richness_site ~ elevation_site_scaled + herbivore_biomass_kg_ha_scaled + herbivore_species_richness_scaled + n_trigger_events_day_scaled + (1 | reserve),significant,0.4,0.405,9.73924566887922,11.4374148920361,3.78932287032353,elevation_site_scaled
fixed,cond,n_trigger_events_day_scaled,0.0577213203647923,0.0335340467401002,1.72127512113737,0.0852009118186377,0.123448051975389,-0.00800541124580411,site,forb_richness_site,forb_richness_site ~ elevation_site_scaled + herbivore_biomass_kg_ha_scaled + herbivore_species_richness_scaled + n_trigger_events_day_scaled + (1 | reserve),non significant,0.4,0.405,9.73924566887922,11.4374148920361,3.78932287032353,elevation_site_scaled
