response,rsq_m,rsq_c,formula,response_tier,predictor_tier,scale,formula_id,delta_aicc,delta_aic,delta_bic,n,effect,component,term,estimate,std.error,statistic,p.value,ci_ub,ci_lb
berger_parker_plot,0.02,0.25,berger_parker_plot ~ area_ha_scaled + (1 | reserve/site_ID),additional_responses,alternative_hypotheses,plot,plot_formula_1,-0.699178272682701,-0.616199118665293,-4.13365201513003,249,fixed,cond,area_ha_scaled,0.0647030322892228,0.05325036578387,1.21507207202738,0.224338604239028,0.169073749225608,-0.0396676846471625
community_dominance_plot,0.02,0.21,community_dominance_plot ~ area_ha_scaled + (1 | reserve/site_ID),additional_responses,alternative_hypotheses,plot,plot_formula_2,-0.390574320633647,-0.307595166616238,-3.82504806308097,249,fixed,cond,area_ha_scaled,0.0345965765220039,0.0255094368158484,1.35622659064389,0.175027084053429,0.0845950726810667,-0.0154019196370589
forb_richness_plot,0.08,0.3,forb_richness_plot ~ area_ha_scaled + (1 | reserve/site_ID),taxonomic_diversity,alternative_hypotheses,plot,plot_formula_3,2.04418673319219,2.10989106370494,-1.41156985415751,250,fixed,cond,area_ha_scaled,-0.129355083051374,0.0572932987896732,-2.25776985762756,0.0239600113673216,-0.0170602174236145,-0.241649948679133
functional_diversity_plot,0.04,0.29,functional_diversity_plot ~ area_ha_scaled + (1 | reserve/site_ID),functional_diversity,alternative_hypotheses,plot,plot_formula_4,1.07565408459436,1.15829041781626,-2.36317050004595,250,fixed,cond,area_ha_scaled,-0.0673892170991989,0.0349042170500645,-1.93068983620346,0.0535214205842247,0.00102304831892749,-0.135801482517325
functional_redundancy_plot,0.01,0.2,functional_redundancy_plot ~ area_ha_scaled + (1 | reserve/site_ID),functional_diversity,alternative_hypotheses,plot,plot_formula_5,-1.46612664297436,-1.38349030975246,-4.90495122761467,250,fixed,cond,area_ha_scaled,0.00616176572635119,0.00773004638311774,0.797118855561896,0.425382006526362,0.021312656637262,-0.00898912518455959
functional_richness_plot,0.06,0.12,functional_richness_plot ~ area_ha_scaled + (1 | reserve/site_ID),functional_diversity,alternative_hypotheses,plot,plot_formula_6,2.61258074166722,2.69696010010523,-0.804298110439504,245,fixed,cond,area_ha_scaled,-0.219393636198507,0.087886017667641,-2.49634289982496,0.0125481237310709,-0.0471370415699305,-0.391650230827083
graminoid_richness_plot,0.01,0.15,graminoid_richness_plot ~ area_ha_scaled + (1 | reserve/site_ID),taxonomic_diversity,alternative_hypotheses,plot,plot_formula_7,-1.71849030568433,-1.65278597517158,-5.17424689303402,250,fixed,cond,area_ha_scaled,-0.0374542879698737,0.0629574150301159,-0.594914641142068,0.551900529981664,0.0859422454891536,-0.160850821428901
plant_richness_plot,0.07,0.38,plant_richness_plot ~ area_ha_scaled + (1 | reserve/site_ID),taxonomic_diversity,alternative_hypotheses,plot,plot_formula_8,0.599911365064145,0.665615695576889,-2.85584522228555,250,fixed,cond,area_ha_scaled,-0.0937851706904346,0.0536309739269092,-1.74871280201343,0.0803406760006351,0.0113315382063074,-0.198901879587177
shannon_diversity_plot,0.03,0.34,shannon_diversity_plot ~ area_ha_scaled + (1 | reserve/site_ID),additional_responses,alternative_hypotheses,plot,plot_formula_9,-0.0242191564449854,0.0584171767767998,-3.46304374108547,250,fixed,cond,area_ha_scaled,-0.0547947341407794,0.0362134754215631,-1.51310343740585,0.130253386624219,0.0161836776854842,-0.125773145967043
woody_richness_plot,0.01,0.44,woody_richness_plot ~ area_ha_scaled + (1 | reserve/site_ID),taxonomic_diversity,alternative_hypotheses,plot,plot_formula_10,-1.40558021111974,-1.32247156718631,-4.61577639191091,199,fixed,cond,area_ha_scaled,-0.0453092745237981,0.0540535616332189,-0.83822921477857,0.401901982139601,0.0606357062773109,-0.151254255324907
berger_parker_plot,0.06,0.25,berger_parker_plot ~ elevation_plot_scaled + (1 | reserve/site_ID),additional_responses,alternative_hypotheses,plot,plot_formula_11,4.04269927226326,4.12567842628067,0.60822552981594,249,fixed,cond,elevation_plot_scaled,-0.120329507501221,0.045351989047142,-2.65323550365436,0.00797242252454213,-0.0314396089688224,-0.209219406033619
community_dominance_plot,0.06,0.21,community_dominance_plot ~ elevation_plot_scaled + (1 | reserve/site_ID),additional_responses,alternative_hypotheses,plot,plot_formula_12,3.81999454254978,3.90297369656719,0.385520800102455,249,fixed,cond,elevation_plot_scaled,-0.056654114728654,0.0213344345938993,-2.65552454550891,0.00791851705682277,-0.0148386229246114,-0.0984696065326965
forb_richness_plot,0.07,0.3,forb_richness_plot ~ elevation_plot_scaled + (1 | reserve/site_ID),taxonomic_diversity,alternative_hypotheses,plot,plot_formula_13,2.30118799786328,2.36689232837603,-1.15456858948642,250,fixed,cond,elevation_plot_scaled,0.119978947582573,0.0534116031941678,2.2463086746603,0.0246842433181282,0.224665689843142,0.015292205322004
functional_diversity_plot,0.04,0.29,functional_diversity_plot ~ elevation_plot_scaled + (1 | reserve/site_ID),functional_diversity,alternative_hypotheses,plot,plot_formula_14,1.2286802230276,1.31131655624949,-2.21014436161272,250,fixed,cond,elevation_plot_scaled,0.0669047680053504,0.0364362320279138,1.83621533516678,0.0663258155273746,0.138319782780061,-0.00451024676936068
functional_redundancy_plot,0,0.2,functional_redundancy_plot ~ elevation_plot_scaled + (1 | reserve/site_ID),functional_diversity,alternative_hypotheses,plot,plot_formula_15,-1.76926199175614,-1.68662565853424,-5.20808657639645,250,fixed,cond,elevation_plot_scaled,-0.00429191530149855,0.00771349167467583,-0.556416663492272,0.57792605006415,0.0108265283808661,-0.0194103589838632
functional_richness_plot,0.04,0.11,functional_richness_plot ~ elevation_plot_scaled + (1 | reserve/site_ID),functional_diversity,alternative_hypotheses,plot,plot_formula_16,2.15868283174086,2.24306219017888,-1.25819602036586,245,fixed,cond,elevation_plot_scaled,0.191158357312791,0.0854415759200045,2.23729905791725,0.0252668007571811,0.358623846116,0.0236928685095821
graminoid_richness_plot,0.1,0.17,graminoid_richness_plot ~ elevation_plot_scaled + (1 | reserve/site_ID),taxonomic_diversity,alternative_hypotheses,plot,plot_formula_17,7.48713971415737,7.55284404467011,4.03138312680767,250,fixed,cond,elevation_plot_scaled,0.145989127793764,0.0435946177467407,3.34878788574028,0.000811659089119103,0.231434578577375,0.0605436770101518
plant_richness_plot,0.13,0.37,plant_richness_plot ~ elevation_plot_scaled + (1 | reserve/site_ID),taxonomic_diversity,alternative_hypotheses,plot,plot_formula_18,5.32076800080336,5.3864723313161,1.86501141345366,250,fixed,cond,elevation_plot_scaled,0.122503694607712,0.0408808334704132,2.99660462393389,0.00273004538954886,0.202630128209721,0.0423772610057017
shannon_diversity_plot,0.08,0.33,shannon_diversity_plot ~ elevation_plot_scaled + (1 | reserve/site_ID),additional_responses,alternative_hypotheses,plot,plot_formula_19,4.68444495530662,4.7670812885284,1.24562037066613,250,fixed,cond,elevation_plot_scaled,0.0877639243903212,0.0302605145737042,2.90027865112996,0.00372831058104001,0.147074532954781,0.028453315825861
woody_richness_plot,0.01,0.44,woody_richness_plot ~ elevation_plot_scaled + (1 | reserve/site_ID),taxonomic_diversity,alternative_hypotheses,plot,plot_formula_20,-1.64754936727172,-1.56444072333807,-4.85774554806289,199,fixed,cond,elevation_plot_scaled,-0.0378510871411456,0.054750359144462,-0.691339522381458,0.489352200288239,0.0694596167819999,-0.145161791064291
berger_parker_plot,0.03,0.26,berger_parker_plot ~ herbivore_biomass_kg_ha_scaled + (1 | reserve/site_ID),additional_responses,herbivores,plot,plot_formula_21,0.205346523534303,0.288325677551711,-3.22912721891302,249,fixed,cond,herbivore_biomass_kg_ha_scaled,-0.0815213257092959,0.0507272785897981,-1.60705103793388,0.108043172603458,0.0179041403267083,-0.1809467917453
community_dominance_plot,0.06,0.21,community_dominance_plot ~ herbivore_biomass_kg_ha_scaled + (1 | reserve/site_ID),additional_responses,herbivores,plot,plot_formula_22,3.54265969520046,3.62563884921786,0.108185952753132,249,fixed,cond,herbivore_biomass_kg_ha_scaled,-0.0574296021450376,0.0208852880300716,-2.74976347284978,0.00596382961825561,-0.0164944376060973,-0.098364766683978
forb_richness_plot,0.03,0.3,forb_richness_plot ~ herbivore_biomass_kg_ha_scaled + (1 | reserve/site_ID),taxonomic_diversity,herbivores,plot,plot_formula_23,-0.781379142171772,-0.715674811659028,-4.23713572952147,250,fixed,cond,herbivore_biomass_kg_ha_scaled,0.0755759482201713,0.0644644764399921,1.17236581127782,0.241050219635802,0.201926322042556,-0.0507744256022132
functional_diversity_plot,0.01,0.29,functional_diversity_plot ~ herbivore_biomass_kg_ha_scaled + (1 | reserve/site_ID),functional_diversity,herbivores,plot,plot_formula_24,-1.14032944731821,-1.05769311409631,-4.57915403195852,250,fixed,cond,herbivore_biomass_kg_ha_scaled,0.0387676343511036,0.0390441973075501,0.992916669428034,0.320750565557829,0.115294261073902,-0.0377589923716945
functional_redundancy_plot,0.04,0.2,functional_redundancy_plot ~ herbivore_biomass_kg_ha_scaled + (1 | reserve/site_ID),functional_diversity,herbivores,plot,plot_formula_25,2.89304765745635,2.97568399067825,-0.545776927183965,250,fixed,cond,herbivore_biomass_kg_ha_scaled,0.0157591294545647,0.00621108476564374,2.5372587960376,0.0111724328407784,0.0279328555952264,0.00358540331390297
functional_richness_plot,0.04,0.12,functional_richness_plot ~ herbivore_biomass_kg_ha_scaled + (1 | reserve/site_ID),functional_diversity,herbivores,plot,plot_formula_26,0.559136386522027,0.643515744960041,-2.85774246558469,245,fixed,cond,herbivore_biomass_kg_ha_scaled,0.170978153680674,0.0982726006330257,1.73983544323966,0.081887916968497,0.363592450921405,-0.0216361435600563
graminoid_richness_plot,0.05,0.15,graminoid_richness_plot ~ herbivore_biomass_kg_ha_scaled + (1 | reserve/site_ID),taxonomic_diversity,herbivores,plot,plot_formula_27,1.46348382363908,1.52918815415183,-1.99227276371062,250,fixed,cond,herbivore_biomass_kg_ha_scaled,0.10770237621229,0.0517231599454895,2.08228531137302,0.0373164167787016,0.20907976970545,0.00632498271913091
plant_richness_plot,0.08,0.38,plant_richness_plot ~ herbivore_biomass_kg_ha_scaled + (1 | reserve/site_ID),taxonomic_diversity,herbivores,plot,plot_formula_28,0.945156804463977,1.01086113497672,-2.51059978288572,250,fixed,cond,herbivore_biomass_kg_ha_scaled,0.0971797994036545,0.0515767869151538,1.88417707298285,0.059541027684462,0.198270301757356,-0.00391070295004685
shannon_diversity_plot,0.02,0.33,shannon_diversity_plot ~ herbivore_biomass_kg_ha_scaled + (1 | reserve/site_ID),additional_responses,herbivores,plot,plot_formula_29,-0.928765991770547,-0.846129658548762,-4.36759057641103,250,fixed,cond,herbivore_biomass_kg_ha_scaled,0.0419574242270496,0.0379515044046463,1.10555365025037,0.268919760795259,0.116342372860156,-0.032427524406057
woody_richness_plot,0.01,0.44,woody_richness_plot ~ herbivore_biomass_kg_ha_scaled + (1 | reserve/site_ID),taxonomic_diversity,herbivores,plot,plot_formula_30,-1.44227448348079,-1.35916583954713,-4.65247066427196,199,fixed,cond,herbivore_biomass_kg_ha_scaled,-0.0438668397019484,0.0537722711999069,-0.815789229710356,0.414620694259779,0.0615268118498691,-0.149260491253766
berger_parker_plot,0,0.25,berger_parker_plot ~ herbivore_species_richness_scaled + (1 | reserve/site_ID),additional_responses,herbivores,plot,plot_formula_31,-1.79412162718111,-1.7111424731637,-5.22859536962844,249,fixed,cond,herbivore_species_richness_scaled,-0.0302868156538971,0.0559731494388448,-0.541095435178039,0.588441804438782,0.0794205572462387,-0.139994188554033
community_dominance_plot,0.01,0.21,community_dominance_plot ~ herbivore_species_richness_scaled + (1 | reserve/site_ID),additional_responses,herbivores,plot,plot_formula_32,-1.64109219190172,-1.55811303788431,-5.07556593434904,249,fixed,cond,herbivore_species_richness_scaled,-0.0181566829356405,0.0270259984347173,-0.671822836795425,0.501696488559338,0.0348142739964054,-0.0711276398676863
forb_richness_plot,0.01,0.3,forb_richness_plot ~ herbivore_species_richness_scaled + (1 | reserve/site_ID),taxonomic_diversity,herbivores,plot,plot_formula_33,-1.42527921675946,-1.35957488624672,-4.88103580410916,250,fixed,cond,herbivore_species_richness_scaled,-0.0549309203843646,0.067732115770329,-0.811002576246524,0.417364191285814,0.0778240265254802,-0.187685867294209
functional_diversity_plot,0.01,0.29,functional_diversity_plot ~ herbivore_species_richness_scaled + (1 | reserve/site_ID),functional_diversity,herbivores,plot,plot_formula_34,-1.74724061189261,-1.66460427867071,-5.18606519653292,250,fixed,cond,herbivore_species_richness_scaled,-0.0234789548226344,0.0402027769060452,-0.584013260514448,0.559211390507809,0.0553184879132141,-0.102276397558483
functional_redundancy_plot,0.04,0.2,functional_redundancy_plot ~ herbivore_species_richness_scaled + (1 | reserve/site_ID),functional_diversity,herbivores,plot,plot_formula_35,2.32723750701371,2.40987384023561,-1.11158707762661,250,fixed,cond,herbivore_species_richness_scaled,0.0150385947125235,0.00638328128863787,2.3559348292064,0.0184761588487328,0.0275498260382537,0.00252736338679327
functional_richness_plot,0,0.12,functional_richness_plot ~ herbivore_species_richness_scaled + (1 | reserve/site_ID),functional_diversity,herbivores,plot,plot_formula_36,-1.90237021913788,-1.81799086069987,-5.3192490712446,245,fixed,cond,herbivore_species_richness_scaled,-0.0483245872927545,0.112983290066056,-0.427714463479523,0.668859018410045,0.173122661236715,-0.269771835822224
graminoid_richness_plot,0.02,0.15,graminoid_richness_plot ~ herbivore_species_richness_scaled + (1 | reserve/site_ID),taxonomic_diversity,herbivores,plot,plot_formula_37,-0.997066681627302,-0.931362351114558,-4.452823268977,250,fixed,cond,herbivore_species_richness_scaled,0.0644760089677668,0.0604552614788834,1.06650781735991,0.286194146777356,0.182968321466378,-0.0540163035308446
plant_richness_plot,0,0.38,plant_richness_plot ~ herbivore_species_richness_scaled + (1 | reserve/site_ID),taxonomic_diversity,herbivores,plot,plot_formula_38,-2.06027610364617,-1.99457177313343,-5.51603269099587,250,fixed,cond,herbivore_species_richness_scaled,-0.00449489158775502,0.0609885595402341,-0.0737005697730858,0.941248645410431,0.115042685111104,-0.124032468286614
shannon_diversity_plot,0,0.34,shannon_diversity_plot ~ herbivore_species_richness_scaled + (1 | reserve/site_ID),additional_responses,herbivores,plot,plot_formula_39,-2.07953764466129,-1.9969013114395,-5.51836222930177,250,fixed,cond,herbivore_species_richness_scaled,-0.00223676065516383,0.0401796607152106,-0.0556689781682768,0.955605512999715,0.076515374346649,-0.0809888956569767
woody_richness_plot,0.04,0.44,woody_richness_plot ~ herbivore_species_richness_scaled + (1 | reserve/site_ID),taxonomic_diversity,herbivores,plot,plot_formula_40,1.09112500444644,1.17423364837998,-2.11907117634473,199,fixed,cond,herbivore_species_richness_scaled,-0.0910796964142624,0.049206683313509,-1.85096190763294,0.0641750333905762,0.00536540288021517,-0.18752479570874
berger_parker_plot,0.01,0.25,berger_parker_plot ~ map_plot_scaled + (1 | reserve/site_ID),additional_responses,alternative_hypotheses,plot,plot_formula_41,-1.29102008020575,-1.20804092618835,-4.72549382265308,249,fixed,cond,map_plot_scaled,-0.048750196607293,0.0523993154837516,-0.930359417050207,0.352185023427516,0.0539524617408601,-0.151452854955446
community_dominance_plot,0.02,0.21,community_dominance_plot ~ map_plot_scaled + (1 | reserve/site_ID),additional_responses,alternative_hypotheses,plot,plot_formula_42,-0.30515382197953,-0.222174667962122,-3.73962756442685,249,fixed,cond,map_plot_scaled,-0.0342558679119267,0.0242292644661267,-1.41382203161047,0.157414163065325,0.0132334904416817,-0.081745226265535
forb_richness_plot,0.1,0.3,forb_richness_plot ~ map_plot_scaled + (1 | reserve/site_ID),taxonomic_diversity,alternative_hypotheses,plot,plot_formula_43,3.99277364013028,4.05847797064303,0.537017052780584,250,fixed,cond,map_plot_scaled,0.144702581325866,0.0508093605833869,2.8479512370242,0.00440016660683982,0.244288928069304,0.0451162345824273
functional_diversity_plot,0.01,0.29,functional_diversity_plot ~ map_plot_scaled + (1 | reserve/site_ID),functional_diversity,alternative_hypotheses,plot,plot_formula_44,-1.38926510764247,-1.30662877442057,-4.82808969228279,250,fixed,cond,map_plot_scaled,0.0332369641701502,0.038042831186051,0.873672204037669,0.382296792400754,0.10780091329481,-0.0413269849545098
functional_redundancy_plot,0.01,0.2,functional_redundancy_plot ~ map_plot_scaled + (1 | reserve/site_ID),functional_diversity,alternative_hypotheses,plot,plot_formula_45,-0.764153485614543,-0.681517152392644,-4.20297807025486,250,fixed,cond,map_plot_scaled,-0.0087780102694621,0.00726774279090871,-1.20780420028659,0.227122585470435,0.00546676560071898,-0.0230227861396432
functional_richness_plot,0.06,0.11,functional_richness_plot ~ map_plot_scaled + (1 | reserve/site_ID),functional_diversity,alternative_hypotheses,plot,plot_formula_46,2.98725625020302,3.07163560864103,-0.429622601903702,245,fixed,cond,map_plot_scaled,0.223426207776707,0.0865109879052267,2.58263387330025,0.0098049313697474,0.392987744070951,0.0538646714824623
graminoid_richness_plot,0.05,0.17,graminoid_richness_plot ~ map_plot_scaled + (1 | reserve/site_ID),taxonomic_diversity,alternative_hypotheses,plot,plot_formula_47,1.86394163491605,1.92964596542879,-1.59181495243365,250,fixed,cond,map_plot_scaled,0.109522836262537,0.0542818913494986,2.0176680203968,0.0436258475393029,0.215915343307554,0.00313032921751964
plant_richness_plot,0.12,0.37,plant_richness_plot ~ map_plot_scaled + (1 | reserve/site_ID),taxonomic_diversity,alternative_hypotheses,plot,plot_formula_48,3.40443362185192,3.47013795236467,-0.0513229654977749,250,fixed,cond,map_plot_scaled,0.117725213538389,0.0445784296594323,2.64085600228135,0.00826968593896208,0.205098935670876,0.0303514914059013
shannon_diversity_plot,0.04,0.33,shannon_diversity_plot ~ map_plot_scaled + (1 | reserve/site_ID),additional_responses,alternative_hypotheses,plot,plot_formula_49,0.314045494449374,0.396681827671159,-3.12477909019111,250,fixed,cond,map_plot_scaled,0.058164258718598,0.0340133029626932,1.71004441357531,0.087257660478563,0.124830332525477,-0.00850181508828062
woody_richness_plot,0.01,0.44,woody_richness_plot ~ map_plot_scaled + (1 | reserve/site_ID),taxonomic_diversity,alternative_hypotheses,plot,plot_formula_50,-1.62665864929386,-1.54355000536043,-4.83685483008503,199,fixed,cond,map_plot_scaled,-0.0372269584128506,0.0550630023497161,-0.67607934228531,0.498990271566931,0.0706965261925931,-0.145150443018294
berger_parker_plot,0.06,0.26,berger_parker_plot ~ mat_plot_scaled + (1 | reserve/site_ID),additional_responses,alternative_hypotheses,plot,plot_formula_51,3.91206053133126,3.99503968534867,0.47758678888394,249,fixed,cond,mat_plot_scaled,0.119009832421835,0.0453827843764771,2.62235634188017,0.00873240739719871,0.20796008979973,0.0300595750439398
community_dominance_plot,0.06,0.21,community_dominance_plot ~ mat_plot_scaled + (1 | reserve/site_ID),additional_responses,alternative_hypotheses,plot,plot_formula_52,3.51481344421958,3.59779259823699,0.0803397017722602,249,fixed,cond,mat_plot_scaled,0.0555289627414239,0.021600406634747,2.57073691622538,0.0101482386925101,0.097865759745528,0.0131921657373197
forb_richness_plot,0.08,0.31,forb_richness_plot ~ mat_plot_scaled + (1 | reserve/site_ID),taxonomic_diversity,alternative_hypotheses,plot,plot_formula_53,3.45290300885131,3.51860733936405,-0.00285357849838874,250,fixed,cond,mat_plot_scaled,-0.134573582099832,0.0530416867739656,-2.53712863003981,0.0111765879687382,-0.0306118760228596,-0.238535288176805
functional_diversity_plot,0.04,0.29,functional_diversity_plot ~ mat_plot_scaled + (1 | reserve/site_ID),functional_diversity,alternative_hypotheses,plot,plot_formula_54,0.766580030265914,0.849216363487813,-2.6722445543744,250,fixed,cond,mat_plot_scaled,-0.0625469613031321,0.0366648650668735,-1.70591003646275,0.0880248308244867,0.00931617422794007,-0.134410096834204
functional_redundancy_plot,0,0.21,functional_redundancy_plot ~ mat_plot_scaled + (1 | reserve/site_ID),functional_diversity,alternative_hypotheses,plot,plot_formula_55,-1.71484445839985,-1.63220812517795,-5.15366904304017,250,fixed,cond,mat_plot_scaled,0.00466170041954488,0.00774391655601908,0.601982263861238,0.547185943494858,0.0198397768693423,-0.0105163760302525
functional_richness_plot,0.04,0.11,functional_richness_plot ~ mat_plot_scaled + (1 | reserve/site_ID),functional_diversity,alternative_hypotheses,plot,plot_formula_56,1.98693076916015,2.07131012759817,-1.42994808294657,245,fixed,cond,mat_plot_scaled,-0.193018402475618,0.0874623759328719,-2.20687353181168,0.0273228960511112,-0.0215921456471889,-0.364444659304047
graminoid_richness_plot,0.09,0.17,graminoid_richness_plot ~ mat_plot_scaled + (1 | reserve/site_ID),taxonomic_diversity,alternative_hypotheses,plot,plot_formula_57,6.32927999022559,6.39498432073833,2.87352340287589,250,fixed,cond,mat_plot_scaled,-0.142028859741924,0.0452881823963166,-3.13611304819058,0.00171203196218985,-0.0532640222451431,-0.230793697238704
plant_richness_plot,0.14,0.38,plant_richness_plot ~ mat_plot_scaled + (1 | reserve/site_ID),taxonomic_diversity,alternative_hypotheses,plot,plot_formula_58,5.66082152902891,5.72652585954165,2.20506494167921,250,fixed,cond,mat_plot_scaled,-0.127569696379366,0.0416065651970361,-3.06609535719266,0.00216874136756351,-0.0460208285931752,-0.209118564165557
shannon_diversity_plot,0.09,0.34,shannon_diversity_plot ~ mat_plot_scaled + (1 | reserve/site_ID),additional_responses,alternative_hypotheses,plot,plot_formula_59,5.12545474002957,5.20809107325135,1.68663015538908,250,fixed,cond,mat_plot_scaled,-0.0901560304318624,0.0301331718282489,-2.99191970051238,0.00277229173420594,-0.0310950136484946,-0.14921704721523
woody_richness_plot,0.01,0.44,woody_richness_plot ~ mat_plot_scaled + (1 | reserve/site_ID),taxonomic_diversity,alternative_hypotheses,plot,plot_formula_60,-1.19639957341406,-1.11329092948063,-4.40659575420523,199,fixed,cond,mat_plot_scaled,0.0517158375406673,0.0511573008190273,1.01091802563266,0.312055665850746,0.151984147145961,-0.0485524720646263
berger_parker_plot,0.01,0.25,berger_parker_plot ~ n_trigger_events_day_scaled + (1 | reserve/site_ID),additional_responses,herbivores,plot,plot_formula_61,-1.15255593699985,-1.06957678298244,-4.58702967944717,249,fixed,cond,n_trigger_events_day_scaled,-0.0468857376573951,0.0476801180126571,-0.983339379423283,0.325440434942268,0.0465672936474128,-0.140338768962203
community_dominance_plot,0.03,0.2,community_dominance_plot ~ n_trigger_events_day_scaled + (1 | reserve/site_ID),additional_responses,herbivores,plot,plot_formula_62,1.13003030897161,1.21300946298902,-2.30444343347571,249,fixed,cond,n_trigger_events_day_scaled,-0.0391560330707271,0.0210698712164883,-1.85838976747449,0.0631136843281157,0.00214091451359003,-0.0804529806550442
forb_richness_plot,0.05,0.28,forb_richness_plot ~ n_trigger_events_day_scaled + (1 | reserve/site_ID),taxonomic_diversity,herbivores,plot,plot_formula_63,3.60118075824403,3.66688508875677,0.14542417089433,250,fixed,cond,n_trigger_events_day_scaled,0.101809039082554,0.041647658571753,2.44453211954644,0.0145040165281238,0.183438449883189,0.0201796282819178
functional_diversity_plot,0,0.29,functional_diversity_plot ~ n_trigger_events_day_scaled + (1 | reserve/site_ID),functional_diversity,herbivores,plot,plot_formula_64,-2.06451948531526,-1.98188315209336,-5.50334406995557,250,fixed,cond,n_trigger_events_day_scaled,0.00431376256399932,0.032040991357397,0.134632618444356,0.892902350603022,0.0671141056244974,-0.0584865804964987
functional_redundancy_plot,0.01,0.2,functional_redundancy_plot ~ n_trigger_events_day_scaled + (1 | reserve/site_ID),functional_diversity,herbivores,plot,plot_formula_65,-0.853026962224817,-0.770390629002918,-4.29185154686513,250,fixed,cond,n_trigger_events_day_scaled,0.00744300111079228,0.00667203031208018,1.11555265228879,0.264613668812243,0.0205201805224694,-0.00563417830088488
functional_richness_plot,0,0.1,functional_richness_plot ~ n_trigger_events_day_scaled + (1 | reserve/site_ID),functional_diversity,herbivores,plot,plot_formula_66,-1.44081289773726,-1.35643353929925,-4.85769174984398,245,fixed,cond,n_trigger_events_day_scaled,0.0630438724879973,0.0786564149790949,0.801509609925051,0.422836682947238,0.217210445847023,-0.0911227008710287
graminoid_richness_plot,0.01,0.13,graminoid_richness_plot ~ n_trigger_events_day_scaled + (1 | reserve/site_ID),taxonomic_diversity,herbivores,plot,plot_formula_67,-0.0265604265252932,0.0391439039874513,-3.48231701387499,250,fixed,cond,n_trigger_events_day_scaled,0.0524652855313357,0.0369776145579976,1.41883910464388,0.155945929141859,0.124941410065011,-0.0200108390023396
plant_richness_plot,0.03,0.34,plant_richness_plot ~ n_trigger_events_day_scaled + (1 | reserve/site_ID),taxonomic_diversity,herbivores,plot,plot_formula_68,1.2182503372776,1.28395466779034,-2.2375062500721,250,fixed,cond,n_trigger_events_day_scaled,0.0591885817298705,0.0326680630380438,1.81181791099589,0.0700143366493232,0.123217985284436,-0.00484082182469534
shannon_diversity_plot,0.04,0.33,shannon_diversity_plot ~ n_trigger_events_day_scaled + (1 | reserve/site_ID),additional_responses,herbivores,plot,plot_formula_69,1.02701257950554,1.10964891272732,-2.41181200513495,250,fixed,cond,n_trigger_events_day_scaled,0.0590708689843762,0.0322938350271985,1.8291685993511,0.0673743548862943,0.122366785637685,-0.00422504766893297
woody_richness_plot,0,0.44,woody_richness_plot ~ n_trigger_events_day_scaled + (1 | reserve/site_ID),taxonomic_diversity,herbivores,plot,plot_formula_70,-1.95549717155404,-1.87238852762039,-5.16569335234522,199,fixed,cond,n_trigger_events_day_scaled,-0.0194631473719407,0.0542454341580812,-0.358797890993397,0.719746290505456,0.0868579035778984,-0.12578419832178
berger_parker_site,0.01,0.13,berger_parker_site ~ area_ha_scaled + (1 | reserve),additional_responses,alternative_hypotheses,site,site_formula_1,-2.059400766213,-1.6922510077589,-3.60427401318705,50,fixed,cond,area_ha_scaled,0.0450441186253664,0.0812685054891012,0.554262913465379,0.579398927452635,0.204330389384005,-0.114242152133272
beta_diversity_site,0,0.12,beta_diversity_site ~ area_ha_scaled + (1 | reserve),additional_responses,alternative_hypotheses,site,site_formula_2,-2.27194703967503,-1.90479728122092,-3.81682028664908,50,fixed,cond,area_ha_scaled,0.00546047546712547,0.0176789574615205,0.308868635439085,0.757421456307937,0.0401112320917057,-0.0291902811574547
community_dominance_site,0.03,0.22,community_dominance_site ~ area_ha_scaled + (1 | reserve),additional_responses,alternative_hypotheses,site,site_formula_3,-1.40821210290048,-1.04106234444637,-2.95308534987452,50,fixed,cond,area_ha_scaled,0.0492502298450477,0.0493618183775237,0.997739375571163,0.318405754296392,0.145999393864994,-0.0474989341748988
forb_richness_site,0.22,0.33,forb_richness_site ~ area_ha_scaled + (1 | reserve),taxonomic_diversity,alternative_hypotheses,site,site_formula_4,3.5788188524935,3.84523883399214,1.93321582856402,50,fixed,cond,area_ha_scaled,-0.1230148180649,0.0440700691213902,-2.7913461566411,0.00524893034815532,-0.0366374825869753,-0.209392153542825
functional_diversity_site,0.05,0.17,functional_diversity_site ~ area_ha_scaled + (1 | reserve),functional_diversity,alternative_hypotheses,site,site_formula_5,-0.882140331796393,-0.514990573342288,-2.42701357877044,50,fixed,cond,area_ha_scaled,-0.0531210609551337,0.0414460152674685,-1.2816928385593,0.199950418131813,0.0281131289691046,-0.134355250879372
functional_redundancy_site,0.03,0.14,functional_redundancy_site ~ area_ha_scaled + (1 | reserve),functional_diversity,alternative_hypotheses,site,site_formula_6,-1.3995211799821,-1.032371421528,-2.94439442695615,50,fixed,cond,area_ha_scaled,0.0120493551558984,0.011983495783585,1.00549583973682,0.31465815172557,0.0355370068917251,-0.0114382965799282
functional_richness_site,0.04,0.15,functional_richness_site ~ area_ha_scaled + (1 | reserve),functional_diversity,alternative_hypotheses,site,site_formula_7,-0.903272591276192,-0.536122832822088,-2.44814583825024,50,fixed,cond,area_ha_scaled,-0.0697388362040367,0.0543874633407874,-1.28225940171283,0.199751664540251,0.0368605919439065,-0.17633826435198
graminoid_richness_site,0.01,0.39,graminoid_richness_site ~ area_ha_scaled + (1 | reserve),taxonomic_diversity,alternative_hypotheses,site,site_formula_8,-2.04425594023149,-1.77783595873285,-3.68985896416098,50,fixed,cond,area_ha_scaled,-0.0366510464648827,0.0773151531416768,-0.474047388843959,0.635466114476006,0.114886653692804,-0.188188746622569
plant_richness_site,0.13,0.43,plant_richness_site ~ area_ha_scaled + (1 | reserve),taxonomic_diversity,alternative_hypotheses,site,site_formula_12,0.258754471128896,0.525174452627539,-1.38684855280059,50,fixed,cond,area_ha_scaled,-0.0648416303105627,0.038282620048871,-1.69376156145496,0.0903106010409245,0.0101923049852245,-0.13987556560635
shannon_diversity_site,0.04,0.13,shannon_diversity_site ~ area_ha_scaled + (1 | reserve),additional_responses,alternative_hypotheses,site,site_formula_13,-1.13724463234959,-0.770094873895488,-2.68211787932364,50,fixed,cond,area_ha_scaled,-0.0364245969349363,0.0315928144426318,-1.15293928627594,0.2489353054545,0.0254973193726221,-0.0983465132424946
woody_richness_site,0,0.17,woody_richness_site ~ area_ha_scaled + (1 | reserve),taxonomic_diversity,alternative_hypotheses,site,site_formula_14,-2.15849558041896,-1.89207559892031,-3.80409860434844,50,fixed,cond,area_ha_scaled,-0.0164768893273802,0.0500032280318228,-0.329516512751817,0.74176531486876,0.0815294376149926,-0.114483216269753
berger_parker_site,0.12,0.12,berger_parker_site ~ elevation_site_scaled + (1 | reserve),additional_responses,alternative_hypotheses,site,site_formula_15,2.32533264022531,2.69248239867942,0.780459393251263,50,fixed,cond,elevation_site_scaled,-0.156366219937035,0.0597028045599372,-2.61907662612491,0.00881681402021452,-0.0393487229995582,-0.273383716874512
beta_diversity_site,0.08,0.15,beta_diversity_site ~ elevation_site_scaled + (1 | reserve),additional_responses,alternative_hypotheses,site,site_formula_16,0.79764331610447,1.16479307455857,-0.74722993086958,50,fixed,cond,elevation_site_scaled,0.0291215199322643,0.0160486791295628,1.81457425232089,0.069589362293144,0.0605769310262074,-0.00233389116167888
community_dominance_site,0.19,0.22,community_dominance_site ~ elevation_site_scaled + (1 | reserve),additional_responses,alternative_hypotheses,site,site_formula_17,5.01715548285735,5.38430524131145,3.47228223588331,50,fixed,cond,elevation_site_scaled,-0.115858304355724,0.0353523367801707,-3.27724600147815,0.0010482499652114,-0.0465677242665889,-0.185148884444858
forb_richness_site,0.17,0.33,forb_richness_site ~ elevation_site_scaled + (1 | reserve),taxonomic_diversity,alternative_hypotheses,site,site_formula_18,3.01563281167626,3.2820527931749,1.37002978774677,50,fixed,cond,elevation_site_scaled,0.107008846182145,0.0427998980519163,2.50021264191665,0.0124118781298568,0.190896646363901,0.0231210460003891
functional_diversity_site,0.06,0.2,functional_diversity_site ~ elevation_site_scaled + (1 | reserve),functional_diversity,alternative_hypotheses,site,site_formula_19,-0.279902279314427,0.0872474791396769,-1.82477552628848,50,fixed,cond,elevation_site_scaled,0.0597608077888669,0.0410845019096503,1.45458275045631,0.145784809281559,0.140286431531782,-0.0207648159540478
functional_redundancy_site,0.04,0.13,functional_redundancy_site ~ elevation_site_scaled + (1 | reserve),functional_diversity,alternative_hypotheses,site,site_formula_20,-1.1286263527869,-0.761476594332791,-2.67349959976094,50,fixed,cond,elevation_site_scaled,0.0131974042768929,0.0114018669620351,1.15747748336622,0.24707733350203,0.0355450635224817,-0.00915025496869594
functional_richness_site,0.1,0.18,functional_richness_site ~ elevation_site_scaled + (1 | reserve),functional_diversity,alternative_hypotheses,site,site_formula_21,1.48604200039559,1.85319175884969,-0.058831246578464,50,fixed,cond,elevation_site_scaled,0.105969457546524,0.0514861946498652,2.05821110430039,0.0395698731319704,0.20688239906026,0.00505651603278805
graminoid_richness_site,0.37,0.4,graminoid_richness_site ~ elevation_site_scaled + (1 | reserve),taxonomic_diversity,alternative_hypotheses,site,site_formula_22,12.0673853650819,12.3338053465805,10.4217823411524,50,fixed,cond,elevation_site_scaled,0.208787370459311,0.041945176539342,4.97762526433715,6.43691239297545e-07,0.290999916476421,0.1265748244422
plant_richness_site,0.32,0.54,plant_richness_site ~ elevation_site_scaled + (1 | reserve),taxonomic_diversity,alternative_hypotheses,site,site_formula_26,9.77889946299956,10.0453194444982,8.13329643907008,50,fixed,cond,elevation_site_scaled,0.115260954809584,0.0343758756626152,3.35296054537845,0.000799521029031482,0.18263767110831,0.0478842385108583
shannon_diversity_site,0.19,0.19,shannon_diversity_site ~ elevation_site_scaled + (1 | reserve),additional_responses,alternative_hypotheses,site,site_formula_27,6.24116207108608,6.60831182954019,4.69628882411203,50,fixed,cond,elevation_site_scaled,0.0832967177548898,0.0252034216330358,3.30497656102802,0.000949843430926226,0.13269542415564,0.0338980113541396
woody_richness_site,0,0.2,woody_richness_site ~ elevation_site_scaled + (1 | reserve),taxonomic_diversity,alternative_hypotheses,site,site_formula_28,-2.20271384556941,-1.93629386407076,-3.84831686949889,50,fixed,cond,elevation_site_scaled,0.015043967693255,0.0617239826207238,0.243729698805988,0.807440170544219,0.136022973629874,-0.105935038243364
berger_parker_site,0,0.13,berger_parker_site ~ herbivore_biomass_kg_ha_scaled + (1 | reserve),additional_responses,herbivores,site,site_formula_29,-2.33985858632222,-1.97270882786812,-3.88473183329627,50,fixed,cond,herbivore_biomass_kg_ha_scaled,0.0133712768898096,0.0810273631723031,0.165021745325414,0.868926866407591,0.172184908707524,-0.145442354927904
beta_diversity_site,0.08,0.12,beta_diversity_site ~ herbivore_biomass_kg_ha_scaled + (1 | reserve),additional_responses,herbivores,site,site_formula_30,0.458584094336317,0.825733852790421,-1.08628915263773,50,fixed,cond,herbivore_biomass_kg_ha_scaled,-0.0283120902957224,0.0156965239089149,-1.80371720898297,0.0712756503524194,0.00245309656575073,-0.0590772771571955
community_dominance_site,0.03,0.21,community_dominance_site ~ herbivore_biomass_kg_ha_scaled + (1 | reserve),additional_responses,herbivores,site,site_formula_31,-1.55011179936358,-1.18296204090947,-3.09498504633762,50,fixed,cond,herbivore_biomass_kg_ha_scaled,-0.0456599567473132,0.0493300923511928,-0.925600471660361,0.354653648178754,0.0510270242610247,-0.142346937755651
forb_richness_site,0.05,0.32,forb_richness_site ~ herbivore_biomass_kg_ha_scaled + (1 | reserve),taxonomic_diversity,herbivores,site,site_formula_32,-1.08274938599567,-0.816329404497026,-2.72835240992515,50,fixed,cond,herbivore_biomass_kg_ha_scaled,0.0583479017563871,0.0519407422121999,1.12335517883074,0.261286677612539,0.160151756492299,-0.0434559529795247
functional_diversity_site,0.01,0.17,functional_diversity_site ~ herbivore_biomass_kg_ha_scaled + (1 | reserve),functional_diversity,herbivores,site,site_formula_33,-2.02338455627728,-1.65623479782317,-3.56825780325133,50,fixed,cond,herbivore_biomass_kg_ha_scaled,0.025999605832162,0.0441917127289638,0.588336686374265,0.556306325704773,0.112615362780931,-0.0606161511166071
functional_redundancy_site,0.05,0.14,functional_redundancy_site ~ herbivore_biomass_kg_ha_scaled + (1 | reserve),functional_diversity,herbivores,site,site_formula_34,-0.598286371007262,-0.231136612553158,-2.14315961798131,50,fixed,cond,herbivore_biomass_kg_ha_scaled,0.0160482753463302,0.0115842443877621,1.38535365874049,0.165944353641686,0.0387533943463439,-0.00665684365368355
functional_richness_site,0.04,0.15,functional_richness_site ~ herbivore_biomass_kg_ha_scaled + (1 | reserve),functional_diversity,herbivores,site,site_formula_35,-0.976924872288237,-0.609775113834132,-2.52179811926229,50,fixed,cond,herbivore_biomass_kg_ha_scaled,0.0668700258502601,0.0547859705660692,1.22056842580927,0.222249467160267,0.174250528159756,-0.0405104764592355
graminoid_richness_site,0.11,0.39,graminoid_richness_site ~ herbivore_biomass_kg_ha_scaled + (1 | reserve),taxonomic_diversity,herbivores,site,site_formula_36,0.273137719506622,0.539557701005265,-1.37246530442286,50,fixed,cond,herbivore_biomass_kg_ha_scaled,0.114299746944762,0.0669495440195558,1.70725206001964,0.087775212456193,0.245520853223092,-0.016921359333567
plant_richness_site,0.03,0.43,plant_richness_site ~ herbivore_biomass_kg_ha_scaled + (1 | reserve),taxonomic_diversity,herbivores,site,site_formula_40,-1.78038211049136,-1.51396212899272,-3.42598513442084,50,fixed,cond,herbivore_biomass_kg_ha_scaled,0.0294508512594432,0.0417211810150639,0.705896874031673,0.480252271684963,0.111224366048968,-0.052322663530082
shannon_diversity_site,0.01,0.13,shannon_diversity_site ~ herbivore_biomass_kg_ha_scaled + (1 | reserve),additional_responses,herbivores,site,site_formula_41,-1.90013817159198,-1.53298841313787,-3.44501141856603,50,fixed,cond,herbivore_biomass_kg_ha_scaled,0.0228956449091575,0.0332008698603821,0.689609790509689,0.490439608813357,0.0879693498355064,-0.0421780600171913
woody_richness_site,0.12,0.18,woody_richness_site ~ herbivore_biomass_kg_ha_scaled + (1 | reserve),taxonomic_diversity,herbivores,site,site_formula_42,1.71652693071013,1.98294691220877,0.0709239067806493,50,fixed,cond,herbivore_biomass_kg_ha_scaled,-0.0947242501625802,0.0434426230279368,-2.1804449998718,0.0292244915671215,-0.00957670902782419,-0.179871791297336
berger_parker_site,0,0.13,berger_parker_site ~ herbivore_species_richness_scaled + (1 | reserve),additional_responses,herbivores,site,site_formula_43,-2.36674231603122,-1.99959255757712,-3.91161556300527,50,fixed,cond,herbivore_species_richness_scaled,-0.00165074352302126,0.0817897745491452,-0.0201827616241853,0.983897579316837,0.158657214593303,-0.161958701639346
beta_diversity_site,0,0.11,beta_diversity_site ~ herbivore_species_richness_scaled + (1 | reserve),additional_responses,herbivores,site,site_formula_44,-2.36417172261805,-1.99702196416395,-3.9090449695921,50,fixed,cond,herbivore_species_richness_scaled,0.00097193790810069,0.0178047088705141,0.0545888121602646,0.956466052071711,0.0358691672943083,-0.0339252914781069
community_dominance_site,0.01,0.21,community_dominance_site ~ herbivore_species_richness_scaled + (1 | reserve),additional_responses,herbivores,site,site_formula_45,-2.15913051290281,-1.7919807544487,-3.70400375987685,50,fixed,cond,herbivore_species_richness_scaled,-0.0233923958670093,0.0511309089426371,-0.457500098291873,0.647311631657303,0.0768241856605594,-0.123608977394578
forb_richness_site,0.03,0.33,forb_richness_site ~ herbivore_species_richness_scaled + (1 | reserve),taxonomic_diversity,herbivores,site,site_formula_46,-1.56444082969216,-1.29802084819352,-3.21004385362164,50,fixed,cond,herbivore_species_richness_scaled,-0.0463186243399703,0.0545325730190381,-0.849375369172473,0.395672454288703,0.0605652187773443,-0.153202467457285
functional_diversity_site,0.01,0.17,functional_diversity_site ~ herbivore_species_richness_scaled + (1 | reserve),functional_diversity,herbivores,site,site_formula_47,-2.00844903494561,-1.64129927649151,-3.55332228191966,50,fixed,cond,herbivore_species_richness_scaled,-0.0266308235188415,0.0439535823767885,-0.605885165185192,0.544591011048193,0.0595181979396641,-0.112779844977347
functional_redundancy_site,0.14,0.14,functional_redundancy_site ~ herbivore_species_richness_scaled + (1 | reserve),functional_diversity,herbivores,site,site_formula_48,3.64836730365933,4.01551706211343,2.10349405668528,50,fixed,cond,herbivore_species_richness_scaled,0.0267552688735623,0.00929182353942921,2.87944220636866,0.00398379306732539,0.0449672430108435,0.00854329473628104
functional_richness_site,0,0.16,functional_richness_site ~ herbivore_species_richness_scaled + (1 | reserve),functional_diversity,herbivores,site,site_formula_49,-2.25439038758553,-1.88724062913143,-3.79926363455958,50,fixed,cond,herbivore_species_richness_scaled,-0.0200250944107607,0.0595414785888447,-0.336321752253436,0.736628248415355,0.0966762036233749,-0.136726392444896
graminoid_richness_site,0.09,0.39,graminoid_richness_site ~ herbivore_species_richness_scaled + (1 | reserve),taxonomic_diversity,herbivores,site,site_formula_50,-0.494013814918162,-0.227593833419519,-2.13961683884764,50,fixed,cond,herbivore_species_richness_scaled,0.100363681157968,0.0714913156608898,1.4038583600004,0.160361031360428,0.240486659853312,-0.0397592975373765
plant_richness_site,0.02,0.43,plant_richness_site ~ herbivore_species_richness_scaled + (1 | reserve),taxonomic_diversity,herbivores,site,site_formula_54,-1.88505340953918,-1.61863342804054,-3.53065643346866,50,fixed,cond,herbivore_species_richness_scaled,-0.0262610842667315,0.0422075561323089,-0.622189168792678,0.53381748725029,0.0564657257525938,-0.108987894286057
shannon_diversity_site,0,0.13,shannon_diversity_site ~ herbivore_species_richness_scaled + (1 | reserve),additional_responses,herbivores,site,site_formula_55,-2.35979900986186,-1.99264925140776,-3.90467225683591,50,fixed,cond,herbivore_species_richness_scaled,0.00290985569078396,0.0339180817427983,0.0857906916095512,0.931632806216735,0.0693892959066686,-0.0635695845251007
woody_richness_site,0.14,0.16,woody_richness_site ~ herbivore_species_richness_scaled + (1 | reserve),taxonomic_diversity,herbivores,site,site_formula_56,3.25610662442585,3.5225266059245,1.61050360049637,50,fixed,cond,herbivore_species_richness_scaled,-0.100554787590612,0.0356538331048768,-2.82030791177001,0.00479775881946901,-0.030673274705053,-0.17043630047617
berger_parker_site,0.04,0.1,berger_parker_site ~ map_site_scaled + (1 | reserve),additional_responses,alternative_hypotheses,site,site_formula_57,-0.919327196846567,-0.552177438392462,-2.46420044382062,50,fixed,cond,map_site_scaled,-0.094559074203024,0.0719267731685917,-1.31465753345258,0.188625024804695,0.0464174012074156,-0.235535549613464
beta_diversity_site,0.01,0.1,beta_diversity_site ~ map_site_scaled + (1 | reserve),additional_responses,alternative_hypotheses,site,site_formula_58,-2.0335314443374,-1.66638168588329,-3.57840469131145,50,fixed,cond,map_site_scaled,0.0103655060685992,0.0173010781702179,0.599124861850657,0.549089623700448,0.0442756192822263,-0.0235446071450279
community_dominance_site,0.06,0.18,community_dominance_site ~ map_site_scaled + (1 | reserve),additional_responses,alternative_hypotheses,site,site_formula_59,-0.537954963941985,-0.170805205487881,-2.08282821091603,50,fixed,cond,map_site_scaled,-0.0656418430008267,0.0439397834778441,-1.4939045622272,0.135200565847683,0.0204801326157477,-0.151763818617401
forb_richness_site,0.19,0.3,forb_richness_site ~ map_site_scaled + (1 | reserve),taxonomic_diversity,alternative_hypotheses,site,site_formula_60,3.09959978879976,3.36601977029841,1.45399676487028,50,fixed,cond,map_site_scaled,0.112369814844132,0.0403847278260242,2.78248290611781,0.00539447069507668,0.19152388138314,0.033215748305125
functional_diversity_site,0.03,0.16,functional_diversity_site ~ map_site_scaled + (1 | reserve),functional_diversity,alternative_hypotheses,site,site_formula_61,-1.50169096837911,-1.134541209925,-3.04656421535316,50,fixed,cond,map_site_scaled,0.0409168678279614,0.0421584511700248,0.970549597824265,0.331772615199482,0.12354743212121,-0.0417136964652871
functional_redundancy_site,0,0.14,functional_redundancy_site ~ map_site_scaled + (1 | reserve),functional_diversity,alternative_hypotheses,site,site_formula_62,-2.36329140019794,-1.99614164174383,-3.90816464717199,50,fixed,cond,map_site_scaled,-0.00076880552415429,0.0123689556323809,-0.0621560580378851,0.950438555396177,0.0234743475153122,-0.0250119585636208
functional_richness_site,0.1,0.13,functional_richness_site ~ map_site_scaled + (1 | reserve),functional_diversity,alternative_hypotheses,site,site_formula_63,1.02608717303148,1.39323693148559,-0.518786073942565,50,fixed,cond,map_site_scaled,0.103296448177786,0.0498366549456801,2.07270027032061,0.0382001826105068,0.200976291871319,0.00561660448425315
graminoid_richness_site,0.21,0.41,graminoid_richness_site ~ map_site_scaled + (1 | reserve),taxonomic_diversity,alternative_hypotheses,site,site_formula_64,3.59217282940978,3.85859281090842,1.94656980548029,50,fixed,cond,map_site_scaled,0.159241566249763,0.0606683186670903,2.62478950708328,0.0086702549063586,0.27815147083726,0.0403316616622662
plant_richness_site,0.2,0.43,plant_richness_site ~ map_site_scaled + (1 | reserve),taxonomic_diversity,alternative_hypotheses,site,site_formula_68,2.79469445457829,3.06111443607693,1.14909143064881,50,fixed,cond,map_site_scaled,0.0824276042588039,0.0330575392630111,2.49345856033011,0.0126505350087437,0.147220381214306,0.017634827303302
shannon_diversity_site,0.1,0.13,shannon_diversity_site ~ map_site_scaled + (1 | reserve),additional_responses,alternative_hypotheses,site,site_formula_69,1.31040418115904,1.67755393961315,-0.234469065815006,50,fixed,cond,map_site_scaled,0.0603949591291154,0.0284584461238244,2.12221562858117,0.0338196347247924,0.116173513531811,0.00461640472641962
woody_richness_site,0.01,0.17,woody_richness_site ~ map_site_scaled + (1 | reserve),taxonomic_diversity,alternative_hypotheses,site,site_formula_70,-2.05204943318455,-1.78562945168591,-3.69765245711403,50,fixed,cond,map_site_scaled,-0.0229943757988552,0.0490843617949162,-0.468466431221619,0.639451071304683,0.0732109733191805,-0.119199724916891
berger_parker_site,0.12,0.12,berger_parker_site ~ mat_site_scaled + (1 | reserve),additional_responses,alternative_hypotheses,site,site_formula_71,3.01461011333215,3.38175987178626,1.4697368663581,50,fixed,cond,mat_site_scaled,0.161878504640294,0.0588639153196119,2.75004650576412,0.0059586807180471,0.277251778666733,0.0465052306138545
beta_diversity_site,0.07,0.15,beta_diversity_site ~ mat_site_scaled + (1 | reserve),additional_responses,alternative_hypotheses,site,site_formula_72,0.277002219208555,0.644151977662659,-1.26787102776549,50,fixed,cond,mat_site_scaled,-0.0270274382142061,0.0164672789321929,-1.64128137535635,0.100739020395455,0.00524842849289187,-0.0593033049213042
community_dominance_site,0.18,0.2,community_dominance_site ~ mat_site_scaled + (1 | reserve),additional_responses,alternative_hypotheses,site,site_formula_73,4.5245205963558,4.8916703548099,2.97964734938176,50,fixed,cond,mat_site_scaled,0.11252269961737,0.0348361672949821,3.23005394550329,0.00123766862961602,0.180801587515535,0.0442438117192046
forb_richness_site,0.19,0.34,forb_richness_site ~ mat_site_scaled + (1 | reserve),taxonomic_diversity,alternative_hypotheses,site,site_formula_74,3.6190531546664,3.88547313616505,1.97345013073692,50,fixed,cond,mat_site_scaled,-0.113680988834138,0.0430444503163642,-2.6410138356656,0.00826583437235294,-0.0293138662140645,-0.198048111454212
functional_diversity_site,0.05,0.19,functional_diversity_site ~ mat_site_scaled + (1 | reserve),functional_diversity,alternative_hypotheses,site,site_formula_75,-0.705126604764274,-0.33797684631017,-2.24999985173832,50,fixed,cond,mat_site_scaled,-0.0540730850356297,0.0414894167296608,-1.30329826972412,0.192472951598221,0.0272461717545055,-0.135392341825765
functional_redundancy_site,0.04,0.14,functional_redundancy_site ~ mat_site_scaled + (1 | reserve),functional_diversity,alternative_hypotheses,site,site_formula_76,-1.04502018028489,-0.677870421830789,-2.58989342725894,50,fixed,cond,mat_site_scaled,-0.0136316603711638,0.0114417674604536,-1.19139463533752,0.233498697965969,0.0087942038513252,-0.0360575245936528
functional_richness_site,0.1,0.18,functional_richness_site ~ mat_site_scaled + (1 | reserve),functional_diversity,alternative_hypotheses,site,site_formula_77,1.36776789333629,1.7349176517904,-0.177105353637756,50,fixed,cond,mat_site_scaled,-0.105581085530845,0.051871996506513,-2.03541588220127,0.0418090446011902,-0.00391197237807978,-0.207250198683611
graminoid_richness_site,0.36,0.41,graminoid_richness_site ~ mat_site_scaled + (1 | reserve),taxonomic_diversity,alternative_hypotheses,site,site_formula_78,10.6368745153648,10.9032944968635,8.99127149143533,50,fixed,cond,mat_site_scaled,-0.206277305348405,0.0455536291192457,-4.52822989818074,5.94798486157905e-06,-0.116992192274684,-0.295562418422127
plant_richness_site,0.32,0.55,plant_richness_site ~ mat_site_scaled + (1 | reserve),taxonomic_diversity,alternative_hypotheses,site,site_formula_82,9.0774431914034,9.34386317290205,7.43184016747392,50,fixed,cond,mat_site_scaled,-0.115523775244969,0.0360171309942097,-3.20746744829678,0.00133909214054493,-0.0449301984963176,-0.18611735199362
shannon_diversity_site,0.19,0.19,shannon_diversity_site ~ mat_site_scaled + (1 | reserve),additional_responses,alternative_hypotheses,site,site_formula_83,6.26082521026734,6.62797496872145,4.71595196329329,50,fixed,cond,mat_site_scaled,-0.083964218783978,0.0252957541446396,-3.31930087175404,0.000902431406797889,-0.0343845406604845,-0.133543896907472
woody_richness_site,0,0.17,woody_richness_site ~ mat_site_scaled + (1 | reserve),taxonomic_diversity,alternative_hypotheses,site,site_formula_84,-2.26625597163996,-1.99983599014132,-3.91185899556945,50,fixed,cond,mat_site_scaled,-0.000742101720119642,0.0580447001050235,-0.0127850039500061,0.989799320633506,0.113025510485726,-0.114509713925966
berger_parker_site,0.09,0.18,berger_parker_site ~ n_trigger_events_day_scaled + (1 | reserve),additional_responses,herbivores,site,site_formula_85,1.79747530659243,2.16462506504654,0.252602059618383,50,fixed,cond,n_trigger_events_day_scaled,-0.141190537047309,0.0655071182531271,-2.15534648466342,0.0311347307593198,-0.0127965852711794,-0.269584488823438
beta_diversity_site,0.01,0.13,beta_diversity_site ~ n_trigger_events_day_scaled + (1 | reserve),additional_responses,herbivores,site,site_formula_86,-2.06581909375267,-1.69866933529856,-3.61069234072671,50,fixed,cond,n_trigger_events_day_scaled,-0.00862669017208614,0.015717794129316,-0.548848655295471,0.583109316670274,0.0221801863213732,-0.0394335666655455
community_dominance_site,0.06,0.18,community_dominance_site ~ n_trigger_events_day_scaled + (1 | reserve),additional_responses,herbivores,site,site_formula_87,0.287170474360892,0.654320232814996,-1.25770277261315,50,fixed,cond,n_trigger_events_day_scaled,-0.0660354596466268,0.0390084419955943,-1.69285047718863,0.0904839317644311,0.0104210866647381,-0.142492005957992
forb_richness_site,0.06,0.28,forb_richness_site ~ n_trigger_events_day_scaled + (1 | reserve),taxonomic_diversity,herbivores,site,site_formula_88,0.407345134674301,0.673765116172945,-1.23825788925518,50,fixed,cond,n_trigger_events_day_scaled,0.0623816633431648,0.0366913500622402,1.70017356236131,0.0890982835731901,0.134296709465156,-0.00953338277882589
functional_diversity_site,0,0.17,functional_diversity_site ~ n_trigger_events_day_scaled + (1 | reserve),functional_diversity,herbivores,site,site_formula_89,-2.36567171545167,-1.99852195699756,-3.91054496242572,50,fixed,cond,n_trigger_events_day_scaled,-0.00146545024234583,0.038104524536153,-0.0384586938213973,0.969321964657017,0.073219417848514,-0.0761503183332057
functional_redundancy_site,0.03,0.09,functional_redundancy_site ~ n_trigger_events_day_scaled + (1 | reserve),functional_diversity,herbivores,site,site_formula_90,-1.55235990980722,-1.18521015135312,-3.09723315678127,50,fixed,cond,n_trigger_events_day_scaled,0.0115569613393574,0.0125280346367735,0.922487977917486,0.356274098319248,0.0361119092274335,-0.0129979865487186
functional_richness_site,0.03,0.14,functional_richness_site ~ n_trigger_events_day_scaled + (1 | reserve),functional_diversity,herbivores,site,site_formula_91,-1.14096154623471,-0.773811787780602,-2.68583479320876,50,fixed,cond,n_trigger_events_day_scaled,0.0589933596116578,0.0528600406153757,1.11602940377798,0.264409548577001,0.162599039217794,-0.0446123199944786
graminoid_richness_site,0.03,0.34,graminoid_richness_site ~ n_trigger_events_day_scaled + (1 | reserve),taxonomic_diversity,herbivores,site,site_formula_92,-1.03649615182053,-0.770076170321886,-2.68209917575001,50,fixed,cond,n_trigger_events_day_scaled,0.0553418410140559,0.0489078654650409,1.13155298207839,0.257822416812346,0.151201257325536,-0.0405175752974243
plant_richness_site,0.03,0.39,plant_richness_site ~ n_trigger_events_day_scaled + (1 | reserve),taxonomic_diversity,herbivores,site,site_formula_96,-0.912527392106995,-0.646107410608352,-2.55813041603648,50,fixed,cond,n_trigger_events_day_scaled,0.0299109853603592,0.0252923198906091,1.18261138123059,0.236963199820266,0.0794839323459531,-0.0196619616252347
shannon_diversity_site,0.06,0.11,shannon_diversity_site ~ n_trigger_events_day_scaled + (1 | reserve),additional_responses,herbivores,site,site_formula_97,0.107615489663573,0.474765248117677,-1.43725775731048,50,fixed,cond,n_trigger_events_day_scaled,0.0485019170384965,0.0296235249950851,1.63727703055405,0.101572598057102,0.106564026028863,-0.00956019195187031
woody_richness_site,0.01,0.17,woody_richness_site ~ n_trigger_events_day_scaled + (1 | reserve),taxonomic_diversity,herbivores,site,site_formula_98,-1.83663976708499,-1.57021978558635,-3.48224279101447,50,fixed,cond,n_trigger_events_day_scaled,-0.027106846770295,0.0412343588148797,-0.657384946665238,0.510933428371891,0.0537124965068692,-0.107926190047459
berger_parker_reserve,0.03,0.03,berger_parker_reserve ~ area_ha_scaled,additional_responses,alternative_hypotheses,reserve,reserve_formula_1,-4.07726079673179,-1.79154651101751,-2.09413160401155,10,fixed,cond,area_ha_scaled,0.0643692619129657,0.143426383196737,0.448796521799417,0.653578448066533,0.345484972978569,-0.216746449152638
beta_diversity_reserve,0,0,beta_diversity_reserve ~ area_ha_scaled,additional_responses,alternative_hypotheses,reserve,reserve_formula_2,-4.24816295293687,-1.96244866722259,-2.26503376021663,10,fixed,cond,area_ha_scaled,-0.00603501812498668,0.0310481005227124,-0.194376403818067,0.845881164581853,0.0548192588995296,-0.066889295149503
community_dominance_reserve,0.06,0.06,community_dominance_reserve ~ area_ha_scaled,additional_responses,alternative_hypotheses,reserve,reserve_formula_3,-3.75910849555516,-1.47339420984088,-1.77597930283492,10,fixed,cond,area_ha_scaled,0.0680437940725706,0.0947798818744576,0.717913894033961,0.472810380408783,0.253812362546507,-0.117724774401366
forb_richness_reserve,0.44,0.44,forb_richness_reserve ~ area_ha_scaled,taxonomic_diversity,alternative_hypotheses,reserve,reserve_formula_4,2.75896465995614,3.97325037424184,3.67066528124781,10,fixed,cond,area_ha_scaled,-0.104156158410799,0.0443410257210048,-2.34897945451586,0.0188249455140032,-0.01724774799763,-0.191064568823969
functional_diversity_reserve,0.19,0.19,functional_diversity_reserve ~ area_ha_scaled,functional_diversity,alternative_hypotheses,reserve,reserve_formula_5,-2.44559682436239,-0.159882538648105,-0.462467631642149,10,fixed,cond,area_ha_scaled,-0.0626607294849922,0.0431278677293343,-1.4529058074061,0.146249908318449,0.0218698912645031,-0.147191350234487
functional_redundancy_reserve,0,0,functional_redundancy_reserve ~ area_ha_scaled,functional_diversity,alternative_hypotheses,reserve,reserve_formula_6,-4.24514507601004,-1.95943079029576,-2.2620158832898,10,fixed,cond,area_ha_scaled,-0.00340275442237874,0.0168564702493777,-0.201866367753021,0.840021195412934,0.0296359272664016,-0.0364414361111591
functional_richness_reserve,0.14,0.14,functional_richness_reserve ~ area_ha_scaled,functional_diversity,alternative_hypotheses,reserve,reserve_formula_7,-2.88314856026449,-0.59743427455021,-0.900019367544253,10,fixed,cond,area_ha_scaled,-0.0407734960228843,0.0327439228918726,-1.24522330930008,0.213049676755637,0.0234045928451861,-0.104951584890955
graminoid_richness_reserve,0.27,0.27,graminoid_richness_reserve ~ area_ha_scaled,taxonomic_diversity,alternative_hypotheses,reserve,reserve_formula_8,-0.285815012228241,0.928470702057467,0.625885609063431,10,fixed,cond,area_ha_scaled,-0.101444716215586,0.0616116889791438,-1.64651737188906,0.0996572865107444,0.0193141941835361,-0.222203626614708
plant_richness_reserve,0.36,0.36,plant_richness_reserve ~ area_ha_scaled,taxonomic_diversity,alternative_hypotheses,reserve,reserve_formula_12,1.47467851325469,2.6889642275404,2.38637913454636,10,fixed,cond,area_ha_scaled,-0.0619381474442668,0.029270841538067,-2.1160357608344,0.0343417662379434,-0.0045672980296555,-0.119308996858878
shannon_diversity_reserve,0.19,0.19,shannon_diversity_reserve ~ area_ha_scaled,additional_responses,alternative_hypotheses,reserve,reserve_formula_13,-2.39816945889863,-0.112455173184344,-0.415040266178389,10,fixed,cond,area_ha_scaled,-0.0419530836973988,0.0286726316782224,-1.4631752037349,0.143419443970164,0.0142452743919171,-0.0981514417867146
woody_richness_reserve,0.04,0.04,woody_richness_reserve ~ area_ha_scaled,taxonomic_diversity,alternative_hypotheses,reserve,reserve_formula_14,-2.81927877088258,-1.60499305659687,-1.90757814959092,10,fixed,cond,area_ha_scaled,0.032086225765694,0.0504817159182303,0.635600933567055,0.525036560854596,0.131030388965425,-0.0668579374340373
berger_parker_reserve,0.06,0.06,berger_parker_reserve ~ elevation_reserve_scaled,additional_responses,alternative_hypotheses,reserve,reserve_formula_15,-3.69069755454173,-1.40498326882744,-1.70756836182149,10,fixed,cond,elevation_reserve_scaled,-0.100599336584744,0.127497749814999,-0.789028329760443,0.43009544885622,0.149296253052655,-0.350494926222142
beta_diversity_reserve,0.06,0.06,beta_diversity_reserve ~ elevation_reserve_scaled,additional_responses,alternative_hypotheses,reserve,reserve_formula_16,-3.74378447776446,-1.45807019205017,-1.76065528504422,10,fixed,cond,elevation_reserve_scaled,0.0218339088555206,0.0293008624785187,0.745162667874629,0.456173388219815,0.0792635993134172,-0.035595781602376
community_dominance_reserve,0.26,0.26,community_dominance_reserve ~ elevation_reserve_scaled,additional_responses,alternative_hypotheses,reserve,reserve_formula_17,-1.45772761752948,0.827986668184806,0.525401575190761,10,fixed,cond,elevation_reserve_scaled,-0.143087477937915,0.0782558420234858,-1.82845745746333,0.0674809248942691,0.0102939724281169,-0.296468928303948
forb_richness_reserve,0.53,0.53,forb_richness_reserve ~ elevation_reserve_scaled,taxonomic_diversity,alternative_hypotheses,reserve,reserve_formula_18,7.34788513715746,8.56217085144317,8.25958575844913,10,fixed,cond,elevation_reserve_scaled,0.126553534159346,0.0387049828803612,3.2696961667837,0.00107663057618087,0.202415300604854,0.0506917677138377
functional_diversity_reserve,0,0,functional_diversity_reserve ~ elevation_reserve_scaled,functional_diversity,alternative_hypotheses,reserve,reserve_formula_19,-4.26040549993343,-1.97469121421915,-2.27727630721319,10,fixed,cond,elevation_reserve_scaled,0.00761677452593006,0.0478711991319818,0.159109749996662,0.873582406692613,0.101444324824614,-0.0862107757727542
functional_redundancy_reserve,0.12,0.12,functional_redundancy_reserve ~ elevation_reserve_scaled,functional_diversity,alternative_hypotheses,reserve,reserve_formula_20,-3.13659699450734,-0.850882708793051,-1.15346780178709,10,fixed,cond,elevation_reserve_scaled,0.0176809003197129,0.0160399247543557,1.10230568973908,0.270328796607951,0.0491191528382501,-0.0137573521988242
functional_richness_reserve,0.29,0.29,functional_richness_reserve ~ elevation_reserve_scaled,functional_diversity,alternative_hypotheses,reserve,reserve_formula_21,-1.12006741314844,1.16564687256584,0.863061779571801,10,fixed,cond,elevation_reserve_scaled,0.0586293345184069,0.0304875506029905,1.92305821093598,0.0544727397253978,0.118384933700268,-0.00112626466345438
graminoid_richness_reserve,0.67,0.67,graminoid_richness_reserve ~ elevation_reserve_scaled,taxonomic_diversity,alternative_hypotheses,reserve,reserve_formula_22,16.0670095433224,17.2812952576081,16.9787101646141,10,fixed,cond,elevation_reserve_scaled,0.236269194746482,0.0534242672146816,4.42250698165032,9.75621956706966e-06,0.340980758487258,0.131557631005706
plant_richness_reserve,0.6,0.6,plant_richness_reserve ~ elevation_reserve_scaled,taxonomic_diversity,alternative_hypotheses,reserve,reserve_formula_26,10.6648633409219,11.8791490552076,11.5765639622135,10,fixed,cond,elevation_reserve_scaled,0.100678413274622,0.0268833634411935,3.74500807887571,0.000180387970919646,0.153369805619361,0.0479870209298823
shannon_diversity_reserve,0.56,0.56,shannon_diversity_reserve ~ elevation_reserve_scaled,additional_responses,alternative_hypotheses,reserve,reserve_formula_27,3.34079553764678,5.62650982336106,5.32392473036702,10,fixed,cond,elevation_reserve_scaled,0.074274810735054,0.0220647906422913,3.36621416170124,0.000762075172381735,0.117521800393945,0.031027821076163
woody_richness_reserve,0.18,0.18,woody_richness_reserve ~ elevation_reserve_scaled,taxonomic_diversity,alternative_hypotheses,reserve,reserve_formula_28,-1.26223118721324,-0.0479454729275233,-0.350530565921574,10,fixed,cond,elevation_reserve_scaled,-0.0737651281446199,0.0531024280772792,-1.38911026888018,0.164799221632338,0.0303156308868473,-0.177845887176087
berger_parker_reserve,0.02,0.02,berger_parker_reserve ~ herbivore_biomass_kg_ha_scaled,additional_responses,herbivores,reserve,reserve_formula_29,-4.10789244063844,-1.82217815492415,-2.1247632479182,10,fixed,cond,herbivore_biomass_kg_ha_scaled,0.0578236205473915,0.138930993355264,0.416203894832374,0.677260809948018,0.330128367523709,-0.214481126428926
beta_diversity_reserve,0.29,0.29,beta_diversity_reserve ~ herbivore_biomass_kg_ha_scaled,additional_responses,herbivores,reserve,reserve_formula_30,-1.15367410197184,1.13204018374245,0.829455090748404,10,fixed,cond,herbivore_biomass_kg_ha_scaled,0.0502261484682499,0.0265848756891283,1.8892752802598,0.0588549520819939,0.102332504818941,-0.0018802078824416
community_dominance_reserve,0.03,0.03,community_dominance_reserve ~ herbivore_biomass_kg_ha_scaled,additional_responses,herbivores,reserve,reserve_formula_31,-4.00919214848653,-1.72347786277224,-2.02606295576629,10,fixed,cond,herbivore_biomass_kg_ha_scaled,-0.0493652919394689,0.0918694919138292,-0.537341514697524,0.591031734066029,0.130698912211636,-0.229429496090574
forb_richness_reserve,0.55,0.55,forb_richness_reserve ~ herbivore_biomass_kg_ha_scaled,taxonomic_diversity,herbivores,reserve,reserve_formula_32,9.63175843661516,10.8460441509009,10.5434590579068,10,fixed,cond,herbivore_biomass_kg_ha_scaled,0.131255522622801,0.0353287268300082,3.71526331119616,0.000202992199956767,0.200499827209617,0.0620112180359847
functional_diversity_reserve,0.13,0.13,functional_diversity_reserve ~ herbivore_biomass_kg_ha_scaled,functional_diversity,herbivores,reserve,reserve_formula_33,-2.87180123626874,-0.58608695055446,-0.888672043548503,10,fixed,cond,herbivore_biomass_kg_ha_scaled,0.0515319002201741,0.0424569209445927,1.21374558196117,0.224844892385911,0.134747465271576,-0.0316836648312276
functional_redundancy_reserve,0.34,0.34,functional_redundancy_reserve ~ herbivore_biomass_kg_ha_scaled,functional_diversity,herbivores,reserve,reserve_formula_34,-0.560932042610212,1.72478224310407,1.42219715011003,10,fixed,cond,herbivore_biomass_kg_ha_scaled,0.0298136917602096,0.0141574949063814,2.10585926093261,0.0352165793466955,0.0575623817767173,0.00206500174370203
functional_richness_reserve,0.11,0.11,functional_richness_reserve ~ herbivore_biomass_kg_ha_scaled,functional_diversity,herbivores,reserve,reserve_formula_35,-3.20098127021544,-0.915266984501159,-1.2178520774952,10,fixed,cond,herbivore_biomass_kg_ha_scaled,0.0356989903009785,0.0336995741684795,1.05933060526234,0.289449241322825,0.101750155671198,-0.0303521750692412
graminoid_richness_reserve,0.4,0.4,graminoid_richness_reserve ~ herbivore_biomass_kg_ha_scaled,taxonomic_diversity,herbivores,reserve,reserve_formula_36,3.91267427843289,5.1269599927186,4.82437489972456,10,fixed,cond,herbivore_biomass_kg_ha_scaled,0.135904002871399,0.0490539022020339,2.77050340076236,0.00559697157440568,0.232049651187386,0.0397583545554126
plant_richness_reserve,0.54,0.54,plant_richness_reserve ~ herbivore_biomass_kg_ha_scaled,taxonomic_diversity,herbivores,reserve,reserve_formula_40,8.60889077407326,9.82317648835897,9.52059139536493,10,fixed,cond,herbivore_biomass_kg_ha_scaled,0.0892803836690086,0.0253218969064439,3.52581735874174,0.000422178012180289,0.138911301605639,0.0396494657323786
shannon_diversity_reserve,0.12,0.12,shannon_diversity_reserve ~ herbivore_biomass_kg_ha_scaled,additional_responses,herbivores,reserve,reserve_formula_41,-3.1520003645963,-0.866286078882013,-1.16887117187606,10,fixed,cond,herbivore_biomass_kg_ha_scaled,0.032859995855315,0.0302811658783011,1.08516283644356,0.277849540843174,0.0922110809767851,-0.0264910892661551
woody_richness_reserve,0.08,0.08,woody_richness_reserve ~ herbivore_biomass_kg_ha_scaled,taxonomic_diversity,herbivores,reserve,reserve_formula_42,-2.52089282812189,-1.30660711383618,-1.60919220683023,10,fixed,cond,herbivore_biomass_kg_ha_scaled,-0.0446520251044019,0.0543419248022903,-0.821686483628567,0.411255353796941,0.061858147508087,-0.151162197716891
berger_parker_reserve,0.01,0.01,berger_parker_reserve ~ herbivore_species_richness_scaled,additional_responses,herbivores,reserve,reserve_formula_43,-4.2202633987592,-1.93454911304492,-2.23713420603896,10,fixed,cond,herbivore_species_richness_scaled,0.0370798041541391,0.143975172221781,0.257543044275862,0.796759591080353,0.31927114170883,-0.245111533400552
beta_diversity_reserve,0.38,0.38,beta_diversity_reserve ~ herbivore_species_richness_scaled,additional_responses,herbivores,reserve,reserve_formula_44,0.0151086054128697,2.30082289112715,1.99823779813311,10,fixed,cond,herbivore_species_richness_scaled,0.0575521161679854,0.0246321915027552,2.33645943202203,0.0194673095696827,0.105831211513386,0.00927302082258513
community_dominance_reserve,0.02,0.02,community_dominance_reserve ~ herbivore_species_richness_scaled,additional_responses,herbivores,reserve,reserve_formula_45,-4.15599772774868,-1.87028344203439,-2.17286853502844,10,fixed,cond,herbivore_species_richness_scaled,-0.0345919045935428,0.096190525469288,-0.359618625896658,0.719132352779905,0.153941525326262,-0.223125334513347
forb_richness_reserve,0.13,0.13,forb_richness_reserve ~ herbivore_species_richness_scaled,taxonomic_diversity,herbivores,reserve,reserve_formula_46,-1.85535015911107,-0.641064444825361,-0.943649537819397,10,fixed,cond,herbivore_species_richness_scaled,0.0466751754194806,0.0403120609545262,1.15784641901917,0.246926716485697,0.125686814890352,-0.0323364640513906
functional_diversity_reserve,0.03,0.03,functional_diversity_reserve ~ herbivore_species_richness_scaled,functional_diversity,herbivores,reserve,reserve_formula_47,-4.03487727810313,-1.74916299238885,-2.05174808538289,10,fixed,cond,herbivore_species_richness_scaled,-0.0230911292844802,0.0459626544149959,-0.502388941160596,0.615393956575431,0.0669956733689119,-0.113177931937872
functional_redundancy_reserve,0.34,0.34,functional_redundancy_reserve ~ herbivore_species_richness_scaled,functional_diversity,herbivores,reserve,reserve_formula_48,-0.546904081378735,1.73881020433555,1.43622511134151,10,fixed,cond,herbivore_species_richness_scaled,0.0297860685784642,0.0139318814548348,2.13797889933433,0.03251845583648,0.0570925562299405,0.00247958092698793
functional_richness_reserve,0,0,functional_richness_reserve ~ herbivore_species_richness_scaled,functional_diversity,herbivores,reserve,reserve_formula_49,-4.2854871864376,-1.99977290072331,-2.30235799371736,10,fixed,cond,herbivore_species_richness_scaled,0.000531485863002961,0.0352655768638603,0.0150709533280773,0.987975574216591,0.0696520165161692,-0.0685890447901632
graminoid_richness_reserve,0.34,0.34,graminoid_richness_reserve ~ herbivore_species_richness_scaled,taxonomic_diversity,herbivores,reserve,reserve_formula_50,1.04715263106942,2.26143834535513,1.9588532523611,10,fixed,cond,herbivore_species_richness_scaled,0.117665486555941,0.0580608546180705,2.02658895274545,0.042704467281746,0.231464761607359,0.00386621150452304
plant_richness_reserve,0.2,0.2,plant_richness_reserve ~ herbivore_species_richness_scaled,taxonomic_diversity,herbivores,reserve,reserve_formula_54,-1.02349602924657,0.190789685039135,-0.111795407954901,10,fixed,cond,herbivore_species_richness_scaled,0.040954550194374,0.027833656647465,1.47140387312725,0.141181926611464,0.0955085172234053,-0.0135994168346573
shannon_diversity_reserve,0.02,0.02,shannon_diversity_reserve ~ herbivore_species_richness_scaled,additional_responses,herbivores,reserve,reserve_formula_55,-4.07558744923671,-1.78987316352243,-2.09245825651647,10,fixed,cond,herbivore_species_richness_scaled,0.0145091506756383,0.0314229646902396,0.46173716638981,0.644269814890815,0.0760981614685079,-0.0470798601172313
woody_richness_reserve,0.04,0.04,woody_richness_reserve ~ herbivore_species_richness_scaled,taxonomic_diversity,herbivores,reserve,reserve_formula_56,-2.80073003530125,-1.58644432101553,-1.88902941400958,10,fixed,cond,herbivore_species_richness_scaled,-0.033289583998913,0.0515389323803092,-0.645911400594545,0.518336735904547,0.067726723466493,-0.134305891464319
berger_parker_reserve,0.03,0.03,berger_parker_reserve ~ map_reserve_scaled,additional_responses,alternative_hypotheses,reserve,reserve_formula_57,-4.01608745432954,-1.73037316861525,-2.0329582616093,10,fixed,cond,map_reserve_scaled,-0.066108482968185,0.125681323021819,-0.526000851826714,0.598887615123719,0.18022691015458,-0.31244387609095
beta_diversity_reserve,0,0,beta_diversity_reserve ~ map_reserve_scaled,additional_responses,alternative_hypotheses,reserve,reserve_formula_58,-4.28089708826662,-1.99518280255234,-2.29776789554638,10,fixed,cond,map_reserve_scaled,0.00204575487105475,0.0294785837977686,0.0693980038216628,0.944672817810028,0.0598237791146811,-0.0557322693725716
community_dominance_reserve,0.12,0.12,community_dominance_reserve ~ map_reserve_scaled,additional_responses,alternative_hypotheses,reserve,reserve_formula_59,-3.04411668327679,-0.758402397562506,-1.06098749055655,10,fixed,cond,map_reserve_scaled,-0.0961066347034414,0.0826590741066304,-1.16268704606422,0.244956499252849,0.0659051505455542,-0.258118419952437
forb_richness_reserve,0.47,0.47,forb_richness_reserve ~ map_reserve_scaled,taxonomic_diversity,alternative_hypotheses,reserve,reserve_formula_60,5.23686623811126,6.45115195239697,6.14856685940293,10,fixed,cond,map_reserve_scaled,0.111719735614292,0.0379173375831914,2.9464024305287,0.00321493827474984,0.186037717277348,0.0374017539512372
functional_diversity_reserve,0.03,0.03,functional_diversity_reserve ~ map_reserve_scaled,functional_diversity,alternative_hypotheses,reserve,reserve_formula_61,-4.00680258707323,-1.72108830135895,-2.02367339435299,10,fixed,cond,map_reserve_scaled,0.0253526188781243,0.0478113555787149,0.530263544533572,0.595929218786796,0.119062875812406,-0.0683576380561569
functional_redundancy_reserve,0,0,functional_redundancy_reserve ~ map_reserve_scaled,functional_diversity,alternative_hypotheses,reserve,reserve_formula_62,-4.28390852509535,-1.99819423938106,-2.30077933237511,10,fixed,cond,map_reserve_scaled,-0.000722984580020282,0.017011395651976,-0.0425000155667006,0.966100099342594,0.0326193508978526,-0.0340653200578932
functional_richness_reserve,0.36,0.36,functional_richness_reserve ~ map_reserve_scaled,functional_diversity,alternative_hypotheses,reserve,reserve_formula_63,-0.439701363318086,1.8460129223962,1.54342782940216,10,fixed,cond,map_reserve_scaled,0.0658009984080812,0.0306445351897902,2.14723434376006,0.0317746298336249,0.12586428738007,0.00573770943609242
graminoid_richness_reserve,0.54,0.54,graminoid_richness_reserve ~ map_reserve_scaled,taxonomic_diversity,alternative_hypotheses,reserve,reserve_formula_64,8.27475188660111,9.48903760088682,9.18645250789278,10,fixed,cond,map_reserve_scaled,0.178669130027032,0.0516421494799953,3.45975393793869,0.000540669209083163,0.279887743007823,0.0774505170462414
plant_richness_reserve,0.5,0.5,plant_richness_reserve ~ map_reserve_scaled,taxonomic_diversity,alternative_hypotheses,reserve,reserve_formula_68,6.19822078103785,7.41250649532356,7.10992140232952,10,fixed,cond,map_reserve_scaled,0.082205300926094,0.026526584608633,3.09897795509418,0.00194189468656597,0.134197406759015,0.0302131950931734
shannon_diversity_reserve,0.39,0.39,shannon_diversity_reserve ~ map_reserve_scaled,additional_responses,alternative_hypotheses,reserve,reserve_formula_69,0.214947898073937,2.50066218378822,2.19807709079418,10,fixed,cond,map_reserve_scaled,0.0619057083799049,0.0261758975242187,2.36498894918992,0.018030608936158,0.113210467527373,0.0106009492324363
woody_richness_reserve,0.16,0.16,woody_richness_reserve ~ map_reserve_scaled,taxonomic_diversity,alternative_hypotheses,reserve,reserve_formula_70,-1.58503744550335,-0.370751731217638,-0.673336824211688,10,fixed,cond,map_reserve_scaled,-0.0678320429084423,0.0536118025480807,-1.26524458579076,0.205783664198304,0.0372470900857959,-0.172911175902681
berger_parker_reserve,0.08,0.08,berger_parker_reserve ~ mat_reserve_scaled,additional_responses,alternative_hypotheses,reserve,reserve_formula_71,-3.47206099958871,-1.18634671387442,-1.48893180686846,10,fixed,cond,mat_reserve_scaled,0.117000212055569,0.126474205030587,0.925091500098962,0.354918314056691,0.36488965391552,-0.130889229804381
beta_diversity_reserve,0.02,0.02,beta_diversity_reserve ~ mat_reserve_scaled,additional_responses,alternative_hypotheses,reserve,reserve_formula_72,-4.0724403534369,-1.78672606772261,-2.08931116071665,10,fixed,cond,mat_reserve_scaled,-0.0137704947755169,0.0296716150876043,-0.464096569561853,0.642578559402476,0.0443858707961876,-0.0719268603472214
community_dominance_reserve,0.28,0.28,community_dominance_reserve ~ mat_reserve_scaled,additional_responses,alternative_hypotheses,reserve,reserve_formula_73,-1.18276893677329,1.10294534894099,0.800360255946947,10,fixed,cond,mat_reserve_scaled,0.148866834066057,0.077549516859956,1.91963586742766,0.0549039102110055,0.300863887111571,-0.00313021897945656
forb_richness_reserve,0.55,0.55,forb_richness_reserve ~ mat_reserve_scaled,taxonomic_diversity,alternative_hypotheses,reserve,reserve_formula_74,7.97597998141511,9.19026569570082,8.88768060270678,10,fixed,cond,mat_reserve_scaled,-0.131447632781409,0.0392295409005695,-3.35073084629194,0.000805985995979173,-0.0545577326162932,-0.208337532946526
functional_diversity_reserve,0,0,functional_diversity_reserve ~ mat_reserve_scaled,functional_diversity,alternative_hypotheses,reserve,reserve_formula_75,-4.24225204947215,-1.95653776375787,-2.25912285675191,10,fixed,cond,mat_reserve_scaled,-0.00997114681083432,0.0477896572406421,-0.208646543762077,0.834724173454804,0.0836965813808243,-0.103638875002493
functional_redundancy_reserve,0.1,0.1,functional_redundancy_reserve ~ mat_reserve_scaled,functional_diversity,alternative_hypotheses,reserve,reserve_formula_76,-3.36936904431429,-1.08365475860001,-1.38623985159405,10,fixed,cond,mat_reserve_scaled,-0.0158695632715153,0.0162060479096819,-0.979237094691938,0.327462843970981,0.0158942906314613,-0.0476334171744918
functional_richness_reserve,0.26,0.26,functional_richness_reserve ~ mat_reserve_scaled,functional_diversity,alternative_hypotheses,reserve,reserve_formula_77,-1.45190356811231,0.833810717601978,0.531225624607934,10,fixed,cond,mat_reserve_scaled,-0.0558555066991515,0.0308977390231456,-1.80775385076914,0.0706448192472639,0.00470406178621397,-0.116415075184517
graminoid_richness_reserve,0.68,0.68,graminoid_richness_reserve ~ mat_reserve_scaled,taxonomic_diversity,alternative_hypotheses,reserve,reserve_formula_78,15.7421341141365,16.9564198284222,16.6538347354282,10,fixed,cond,mat_reserve_scaled,-0.238168497457469,0.0547208062685579,-4.35243034045568,1.34636657308847e-05,-0.130915717171095,-0.345421277743842
plant_richness_reserve,0.61,0.61,plant_richness_reserve ~ mat_reserve_scaled,taxonomic_diversity,alternative_hypotheses,reserve,reserve_formula_82,10.7170628906944,11.9313486049801,11.6287635119861,10,fixed,cond,mat_reserve_scaled,-0.101609607825623,0.0271775345497486,-3.73873530138012,0.000184948335662566,-0.0483416401081157,-0.15487757554313
shannon_diversity_reserve,0.59,0.59,shannon_diversity_reserve ~ mat_reserve_scaled,additional_responses,alternative_hypotheses,reserve,reserve_formula_83,3.87401202459301,6.15972631030729,5.85714121731325,10,fixed,cond,mat_reserve_scaled,-0.0759284682797869,0.0214210201005856,-3.54457761223571,0.000393242710843058,-0.0339432688826391,-0.117913667676935
woody_richness_reserve,0.19,0.19,woody_richness_reserve ~ mat_reserve_scaled,taxonomic_diversity,alternative_hypotheses,reserve,reserve_formula_84,-1.13549004825841,0.0787956660273039,-0.223789426966746,10,fixed,cond,mat_reserve_scaled,0.0757088852102596,0.0526686076366678,1.43745750281713,0.150588039817623,0.178939356178129,-0.0275215857576093
berger_parker_reserve,0.2,0.2,berger_parker_reserve ~ n_trigger_events_day_reserve_scaled,additional_responses,herbivores,reserve,reserve_formula_85,-2.39945031110889,-0.113736025394601,-0.416321118388645,10,fixed,cond,n_trigger_events_day_reserve_scaled,-0.187252456194549,0.129355838008879,-1.44757638369361,0.147735559892117,0.0662849863028532,-0.440789898691951
beta_diversity_reserve,0,0,beta_diversity_reserve ~ n_trigger_events_day_reserve_scaled,additional_responses,herbivores,reserve,reserve_formula_86,-4.27695343049533,-1.99123914478105,-2.29382423777509,10,fixed,cond,n_trigger_events_day_reserve_scaled,0.0028567733304721,0.0305177514874164,0.0936102167176392,0.925418793488662,0.0626715662458082,-0.056958019584864
community_dominance_reserve,0.34,0.34,community_dominance_reserve ~ n_trigger_events_day_reserve_scaled,additional_responses,herbivores,reserve,reserve_formula_87,-0.582004295273244,1.70370999044104,1.401124897447,10,fixed,cond,n_trigger_events_day_reserve_scaled,-0.165996509352329,0.0778616234973349,-2.13194256549263,0.0330115684197378,-0.0133877272975526,-0.318605291407105
forb_richness_reserve,0.55,0.55,forb_richness_reserve ~ n_trigger_events_day_reserve_scaled,taxonomic_diversity,herbivores,reserve,reserve_formula_88,7.75752324562002,8.97180895990573,8.66922386691169,10,fixed,cond,n_trigger_events_day_reserve_scaled,0.12993604788112,0.0391473266290918,3.31915507570214,0.00090290272596644,0.20666480807414,0.0532072876880997
functional_diversity_reserve,0.05,0.05,functional_diversity_reserve ~ n_trigger_events_day_reserve_scaled,functional_diversity,herbivores,reserve,reserve_formula_89,-3.83507126350779,-1.54935697779351,-1.85194207078755,10,fixed,cond,n_trigger_events_day_reserve_scaled,-0.0318937637665995,0.0469308784807515,-0.679590171739074,0.496763994503603,0.0600907580556734,-0.123878285588872
functional_redundancy_reserve,0.54,0.54,functional_redundancy_reserve ~ n_trigger_events_day_reserve_scaled,functional_diversity,herbivores,reserve,reserve_formula_90,2.9304942856533,5.21620857136759,4.91362347837355,10,fixed,cond,n_trigger_events_day_reserve_scaled,0.0380425124292251,0.0117145613820013,3.24745512774171,0.00116442023562155,0.0610030527379476,0.0150819721205026
functional_richness_reserve,0.22,0.22,functional_richness_reserve ~ n_trigger_events_day_reserve_scaled,functional_diversity,herbivores,reserve,reserve_formula_91,-2.07462812010255,0.211086165611732,-0.091498927382311,10,fixed,cond,n_trigger_events_day_reserve_scaled,0.051228960856102,0.0326285317706197,1.57006638288981,0.116399668430764,0.115180883126517,-0.0127229614143126
graminoid_richness_reserve,0.62,0.62,graminoid_richness_reserve ~ n_trigger_events_day_reserve_scaled,taxonomic_diversity,herbivores,reserve,reserve_formula_92,11.7313927902191,12.9456785045048,12.6430934115107,10,fixed,cond,n_trigger_events_day_reserve_scaled,0.211093472010133,0.0546000087405455,3.8661801871357,0.000110553271729894,0.318109489141603,0.104077454878664
plant_richness_reserve,0.61,0.61,plant_richness_reserve ~ n_trigger_events_day_reserve_scaled,taxonomic_diversity,herbivores,reserve,reserve_formula_96,10.9697648565719,12.1840505708576,11.8814654778636,10,fixed,cond,n_trigger_events_day_reserve_scaled,0.102367417438789,0.0271223471428874,3.77428313631897,0.000160468429549457,0.155527217838848,0.0492076170387295
shannon_diversity_reserve,0.44,0.44,shannon_diversity_reserve ~ n_trigger_events_day_reserve_scaled,additional_responses,herbivores,reserve,reserve_formula_97,1.03274127605169,3.31845556176597,3.01587046877193,10,fixed,cond,n_trigger_events_day_reserve_scaled,0.0652556435773206,0.0246896855444392,2.64303259188402,0.00821671255904241,0.113647427244421,0.0168638599102198
woody_richness_reserve,0.08,0.08,woody_richness_reserve ~ n_trigger_events_day_reserve_scaled,taxonomic_diversity,herbivores,reserve,reserve_formula_98,-2.45919776334227,-1.24491204905655,-1.5474971420506,10,fixed,cond,n_trigger_events_day_reserve_scaled,-0.0455732661548256,0.0525628525933462,-0.867024217795108,0.385928740550995,0.057449924928133,-0.148596457237784
