transect_ID,reserve,site_ID,transect_orientation,date,plot_start_and_end,time_start_and_end,weather,n_wildlife_paths,tree_height,tree_dbh,shrub_height,shrub_length,shrub_width,tree_shrub_nr,notes
LA_S02_T01,Lapalala,LA_S02,45,16-02-2024,LA_S02_P01 ; LA__S02_P02,09:00; 12:59,"sunny, no clouds",2,450,9,90,100,100,1,slightly downslope
LA_S02_T01,Lapalala,LA_S02,45,16-02-2024,LA_S02_P01 ; LA__S02_P02,09:00; 12:59,"sunny, no clouds",2,,,53,120,120,2,slightly downslope
LA_S02_T01,Lapalala,LA_S02,45,16-02-2024,LA_S02_P01 ; LA__S02_P02,09:00; 12:59,"sunny, no clouds",2,,,100,120,130,3,slightly downslope
LA_S02_T02,Lapalala,LA_S02,45,16-02-2024,LA_S02_P02 ; LA__S02_P03,09:00; 12:59,"sunny, no clouds",1,360,6,250,230,110,1,slightly downslope
LA_S02_T02,Lapalala,LA_S02,45,16-02-2024,LA_S02_P02 ; LA__S02_P03,09:00; 12:59,"sunny, no clouds",1,130,4,130,100,80,2,slightly downslope
LA_S02_T02,Lapalala,LA_S02,45,16-02-2024,LA_S02_P02 ; LA__S02_P03,09:00; 12:59,"sunny, no clouds",1,315,30,200,40,86,3,slightly downslope
LA_S02_T03,Lapalala,LA_S02,45,16-02-2024,LA_S02_P03 ; LA__S02_P04,09:00; 12:59,"sunny, no clouds",0,370,5,210,30,60,1,slightly downslope; more sandy than before
LA_S02_T03,Lapalala,LA_S02,45,16-02-2024,LA_S02_P03 ; LA__S02_P04,09:00; 12:59,"sunny, no clouds",0,210,5,100,20,60,2,slightly downslope; more sandy than before
LA_S02_T03,Lapalala,LA_S02,45,16-02-2024,LA_S02_P03 ; LA__S02_P04,09:00; 12:59,"sunny, no clouds",0,350,5,100,30,60,3,slightly downslope; more sandy than before
LA_S02_T04,Lapalala,LA_S02,45,16-02-2024,LA_S02_P04 ; LA__S02_P05,09:00; 12:59,"sunny, no clouds",0,550,13,45,35,,1,slightly downslope; more sandy than before
LA_S02_T04,Lapalala,LA_S02,45,16-02-2024,LA_S02_P04 ; LA__S02_P05,09:00; 12:59,"sunny, no clouds",0,290,3.5,34,48,,2,slightly downslope; more sandy than before
LA_S02_T04,Lapalala,LA_S02,45,16-02-2024,LA_S02_P04 ; LA__S02_P05,09:00; 12:59,"sunny, no clouds",0,460,8,,,,3,slightly downslope; more sandy than before
LA_S01_T01,Lapalala,LA_S01,150,15-02-2024,LA_S01_P01; LA_S01_P02,11:13; ,"sunny, no clouds",1,460,13,120,100,120,1,
LA_S01_T01,Lapalala,LA_S01,150,15-02-2024,LA_S01_P01; LA_S01_P02,11:13; ,"sunny, no clouds",1,315,7,50,10,10,2,
LA_S01_T01,Lapalala,LA_S01,150,15-02-2024,LA_S01_P01; LA_S01_P02,11:13; ,"sunny, no clouds",1,320,4.5,120,100,100,3,
LA_S01_T02,Lapalala,LA_S01,150,15-02-2024,LA_S01_P02; LA_S01_P01,11:13; ,"sunny, no clouds",1,250,2,39,35,50,1,
LA_S01_T02,Lapalala,LA_S01,150,15-02-2024,LA_S01_P02; LA_S01_P01,11:13; ,"sunny, no clouds",1,270,5,35,85,130,2,
LA_S01_T02,Lapalala,LA_S01,150,15-02-2024,LA_S01_P02; LA_S01_P01,11:13; ,"sunny, no clouds",1,500,10,60,30,40,3,
LA_S01_T03,Lapalala,LA_S01,150,16-02-2024,LA_S01_P03; LA_S01_P04,14:46; 16:20,"sunny, some clouds",0,550,6,10,150,160,1,
LA_S01_T03,Lapalala,LA_S01,150,16-02-2024,LA_S01_P03; LA_S01_P04,14:46; 16:20,"sunny, some clouds",0,340,4,85,130,220,2,
LA_S01_T03,Lapalala,LA_S01,150,16-02-2024,LA_S01_P03; LA_S01_P04,14:46; 16:20,"sunny, some clouds",0,,,75,190,220,3,
LA_S01_T04,Lapalala,LA_S01,150,16-02-2024,LA_S01_P04: LA_S01_P05,14:46; 16:20,"sunny, some clouds",0,550,8,150,90,110,1,
LA_S01_T04,Lapalala,LA_S01,150,16-02-2024,LA_S01_P04: LA_S01_P05,14:46; 16:20,"sunny, some clouds",0,380,6.5,70,60,80,2,
LA_S01_T04,Lapalala,LA_S01,150,16-02-2024,LA_S01_P04: LA_S01_P05,14:46; 16:20,"sunny, some clouds",0,450,3,150,180,200,3,
LA_S03_T01,Lapalala,LA_S03,,17-02-2024,LA_S03_P01: LA_S03_P02,11:03; 11:35,"Sunny, windy",1,370,4,80,85,100,1,
LA_S03_T01,Lapalala,LA_S03,,17-02-2024,LA_S03_P01: LA_S03_P02,11:03; 11:35,"Sunny, windy",1,600,7,82,100,110,2,
LA_S03_T01,Lapalala,LA_S03,,17-02-2024,LA_S03_P01: LA_S03_P02,11:03; 11:35,"Sunny, windy",1,550,9,55,55,100,3,
LA_S03_T02,Lapalala,LA_S03,,17-02-2024,LA_S03_P02: LA_S03_P03,12:33;12:54,"Sunny, windy",1,500,5,75,110,90,1,
LA_S03_T02,Lapalala,LA_S03,,17-02-2024,LA_S03_P02: LA_S03_P03,12:33;12:54,"Sunny, windy",1,,,220,90,150,2,
LA_S03_T02,Lapalala,LA_S03,,17-02-2024,LA_S03_P02: LA_S03_P03,12:33;12:54,"Sunny, windy",1,,,100,100,100,3,
LA_S03_T03,Lapalala,LA_S03,,17-02-2024,LA_S03_P03: LA_S03_P04,13:53;14:18,"Sunny, windy",1,450,6,72,125,115,1,
LA_S03_T03,Lapalala,LA_S03,,17-02-2024,LA_S03_P03: LA_S03_P04,13:53;14:18,"Sunny, windy",1,725,20,120,132,107,2,
LA_S03_T03,Lapalala,LA_S03,,17-02-2024,LA_S03_P03: LA_S03_P04,13:53;14:18,"Sunny, windy",1,470,8,40,65,50,3,
LA_S03_T04,Lapalala,LA_S03,,17-02-2024,LA_S03_P04: LA_S03_P05,15:58;,"Sunny, windy",2,750,12,40,80,60,1,"lots of herbivore presence eg dead pushed over trees (elephants), and other tracks everywhere"
LA_S03_T04,Lapalala,LA_S03,,17-02-2024,LA_S03_P04: LA_S03_P05,15:58;,"Sunny, windy",2,,,200,80,80,2,"lots of herbivore presence eg dead pushed over trees (elephants), and other tracks everywhere"
LA_S03_T04,Lapalala,LA_S03,,17-02-2024,LA_S03_P04: LA_S03_P05,15:58;,"Sunny, windy",2,,,39,60,30,3,"lots of herbivore presence eg dead pushed over trees (elephants), and other tracks everywhere"
LA_S04_T01,Lapalala,LA_S04,,18-02-2024,LA_S04_P01; LA_S04_P02,8:30; 9:20,"Sunny, no clouds",2,170,8,40,95,33,1,
LA_S04_T01,Lapalala,LA_S04,,18-02-2024,LA_S04_P01; LA_S04_P02,8:30; 9:20,"Sunny, no clouds",2,260,4,40,40,50,2,
LA_S04_T01,Lapalala,LA_S04,,18-02-2024,LA_S04_P01; LA_S04_P02,8:30; 9:20,"Sunny, no clouds",2,35,8,33,50,40,3,
LA_S04_T02,Lapalala,LA_S04,,18-02-2024,LA_S04_P02; LA_S04_P03,9:55; 10:42,"Sunny, no clouds",0,290,3,40,40,40,1,
LA_S04_T02,Lapalala,LA_S04,,18-02-2024,LA_S04_P02; LA_S04_P03,9:55; 10:42,"Sunny, no clouds",0,800,15,70,70,110,2,
LA_S04_T02,Lapalala,LA_S04,,18-02-2024,LA_S04_P02; LA_S04_P03,9:55; 10:42,"Sunny, no clouds",0,320,8,129,70,54,3,
LA_S04_T03,Lapalala,LA_S04,,18-02-2024,LA_S04_P03; LA_S04_P04,11:15; 11:45,"Sunny, no clouds",1,240,4,167,100,100,1,
LA_S04_T03,Lapalala,LA_S04,,18-02-2024,LA_S04_P03; LA_S04_P04,11:15; 11:45,"Sunny, no clouds",1,500,14,60,120,100,2,
LA_S04_T03,Lapalala,LA_S04,,18-02-2024,LA_S04_P03; LA_S04_P04,11:15; 11:45,"Sunny, no clouds",1,,,140,250,150,3,
LA_S04_T04,Lapalala,LA_S04,,18-02-2024,LA_S04_P04; LA_S04_P05,12:03; 12:46,"Sunny, windy, no clouds",1,220,5,125,160,110,1,
LA_S04_T04,Lapalala,LA_S04,,18-02-2024,LA_S04_P04; LA_S04_P05,12:03; 12:46,"Sunny, windy, no clouds",1,290,7,40,100,70,2,
LA_S04_T04,Lapalala,LA_S04,,18-02-2024,LA_S04_P04; LA_S04_P05,12:03; 12:46,"Sunny, windy, no clouds",1,700,10,22,59,50,3,
LA_S05_T01,Lapalala,LA_S05,,18-02-2024,LA_S05_P01: LA_S05_P02,13:50;14:06,"Sunny, no clouds, breezy",2,710,24,280,250,150,,
LA_S05_T01,Lapalala,LA_S05,,18-02-2024,LA_S05_P01: LA_S05_P02,13:50;14:06,"Sunny, no clouds, breezy",2,210,5,130,80,105,,
LA_S05_T01,Lapalala,LA_S05,,18-02-2024,LA_S05_P01: LA_S05_P02,13:50;14:06,"Sunny, no clouds, breezy",2,310,3.5,140,140,130,,
LA_S05_T02,Lapalala,LA_S05,,18-02-2024,LA_S05_P02: LA_S05_P03,14:35; 14:50,"Sunny, no clouds, breezy",2,600,14,250,110,100,,
LA_S05_T02,Lapalala,LA_S05,,18-02-2024,LA_S05_P02: LA_S05_P03,14:35; 14:50,"Sunny, no clouds, breezy",2,550,,175,110,50,,
LA_S05_T02,Lapalala,LA_S05,,18-02-2024,LA_S05_P02: LA_S05_P03,14:35; 14:50,"Sunny, no clouds, breezy",2,,,200,120,110,,
LA_S05_T03,Lapalala,LA_S05,,18-02-2024,LA_S05_P03: LA_S05_P04,15:20; 15:30,"Sunny, no clouds, breezy",2,260,4,210,150,160,,
LA_S05_T03,Lapalala,LA_S05,,18-02-2024,LA_S05_P03: LA_S05_P04,15:20; 15:30,"Sunny, no clouds, breezy",2,220,2.5,215,170,120,,
LA_S05_T04,Lapalala,LA_S05,,18-02-2024,LA_S05_P04: LA_S05_P05,16:15; 16:25,"Sunny, no clouds, breezy",2,450,7,180,110,110,,
LA_S05_T04,Lapalala,LA_S05,,18-02-2024,LA_S05_P04: LA_S05_P05,16:15; 16:25,"Sunny, no clouds, breezy",2,220,500,80,110,90,,
LA_S05_T04,Lapalala,LA_S05,,18-02-2024,LA_S05_P04: LA_S05_P05,16:15; 16:25,"Sunny, no clouds, breezy",2,215,2,100,110,100,,
JE_S01_T01,Jembisa,JE_S01,,21-02-2024,JE_S01_P01; JE_S01_P02,12:28; 12:50,"Sunny, no cloud",2,320,7,64,42,42,,
JE_S01_T01,Jembisa,JE_S01,,21-02-2024,JE_S01_P01; JE_S01_P02,12:28; 12:50,"Sunny, no cloud",2,,,17,8,9,,
JE_S01_T01,Jembisa,JE_S01,,21-02-2024,JE_S01_P01; JE_S01_P02,12:28; 12:50,"Sunny, no cloud",2,,,34,19,31,,
JE_S01_T02,Jembisa,JE_S01,,21-02-2024,JE_S01_P02; JE_S01_P03,13:29; 13:45,"Sunny, no cloud",1,335,45,138,145,140,,
JE_S01_T02,Jembisa,JE_S01,,21-02-2024,JE_S01_P02; JE_S01_P03,13:29; 13:45,"Sunny, no cloud",1,,,172,210,210,,
JE_S01_T02,Jembisa,JE_S01,,21-02-2024,JE_S01_P02; JE_S01_P03,13:29; 13:45,"Sunny, no cloud",1,,,334,392,530,,
JE_S01_T03,Jembisa,JE_S01,,21-02-2024,JE_S01_P03; JE_S01_P04,,"Sunny, cloudy",3,150,5,70,140,120,,
JE_S01_T03,Jembisa,JE_S01,,21-02-2024,JE_S01_P03; JE_S01_P04,,"Sunny, cloudy",3,220,4,65,85,50,,
JE_S01_T03,Jembisa,JE_S01,,21-02-2024,JE_S01_P03; JE_S01_P04,,"Sunny, cloudy",3,250,3.5,60,110,20,,
JE_S01_T04,Jembisa,JE_S01,,21-02-2024,JE_S01_P04; JE_S01_P05,15:30; 15:39,Raining ,2,,,62,98,125,no trees,
JE_S01_T04,Jembisa,JE_S01,,21-02-2024,JE_S01_P04; JE_S01_P05,15:30; 15:39,Raining ,2,,,72,75,80,no trees,
JE_S01_T04,Jembisa,JE_S01,,21-02-2024,JE_S01_P04; JE_S01_P05,15:30; 15:39,Raining ,2,,,68,112,146,no trees,
JE_S02_T01,Jembisa,JE_S02,,22-02-2024,JE_S02_P01; JE_S02_P02,11:00; 11:21,"Sunny, no clouds",2,550,12,28,30,55,,
JE_S02_T01,Jembisa,JE_S02,,22-02-2024,JE_S02_P01; JE_S02_P02,11:00; 11:21,"Sunny, no clouds",2,900,16,120,140,180,,
JE_S02_T01,Jembisa,JE_S02,,22-02-2024,JE_S02_P01; JE_S02_P02,11:00; 11:21,"Sunny, no clouds",2,750,7,130,120,160,,
JE_S02_T02,Jembisa,JE_S02,,22-02-2024,JE_S02_P02; JE_S02_P03,11:50; 12:02,"Sunny, no clouds",1,210,3.5,25,25,35,,
JE_S02_T02,Jembisa,JE_S02,,22-02-2024,JE_S02_P02; JE_S02_P03,11:50; 12:02,"Sunny, no clouds",1,250,14,100,120,180,,
JE_S02_T02,Jembisa,JE_S02,,22-02-2024,JE_S02_P02; JE_S02_P03,11:50; 12:02,"Sunny, no clouds",1,,,110,160,240,no tree,
JE_S02_T03,Jembisa,JE_S02,,22-02-2024,JE_S02_P03; JE_S02_P04,12:25; 12:42,"Sunny, barely clouds",2,1000,14,175,110,160,1,
JE_S02_T03,Jembisa,JE_S02,,22-02-2024,JE_S02_P03; JE_S02_P04,12:25; 12:42,"Sunny, barely clouds",2,1000,13,200,110,170,2,
JE_S02_T03,Jembisa,JE_S02,,22-02-2024,JE_S02_P03; JE_S02_P04,12:25; 12:42,"Sunny, barely clouds",2,1100,20,65,70,90,3,
JE_S02_T04,Jembisa,JE_S02,,22-02-2024,JE_S02_P04; JE_S02_P05,12:57; 13:07,"Sunny, barely clouds",2,,,55,70,45,no trees,
JE_S02_T04,Jembisa,JE_S02,,22-02-2024,JE_S02_P04; JE_S02_P05,12:57; 13:07,"Sunny, barely clouds",2,,,60,45,60,no trees,
JE_S02_T04,Jembisa,JE_S02,,22-02-2024,JE_S02_P04; JE_S02_P05,12:57; 13:07,"Sunny, barely clouds",2,,,290,130,200,no trees,
JE_S03_T01,Jembisa,JE_S03,,22-02-2024,JE_S03_P01; JE_S03_P02,14:20; 14:42,"Sunny, no cloud",0,220,6,75,80,90,1,
JE_S03_T01,Jembisa,JE_S03,,22-02-2024,JE_S03_P01; JE_S03_P02,14:20; 14:42,"Sunny, no cloud",,1100,22,120,110,80,2,
JE_S03_T01,Jembisa,JE_S03,,22-02-2024,JE_S03_P01; JE_S03_P02,14:20; 14:42,"Sunny, no cloud",,1400,45,150,85,65,3,
JE_S03_T02,Jembisa,JE_S03,,22-02-2024,JE_S03_P02; JE_S03_P03,15:10;,"Sunny, no cloud",,270,4.5,120,60,100,1,
JE_S03_T02,Jembisa,JE_S03,,22-02-2024,JE_S03_P02; JE_S03_P03,15:10;,"Sunny, no cloud",,700,23,240,180,270,2,
JE_S03_T02,Jembisa,JE_S03,,22-02-2024,JE_S03_P02; JE_S03_P03,15:10;,"Sunny, no cloud",,,,145,120,170,3,
JE_S03_T03,Jembisa,JE_S03,,22-02-2024,JE_S03_P03; JE_S03_P04,15:25;,"Sunny, no cloud",1,160,9,80,80,90,1,
JE_S03_T03,Jembisa,JE_S03,,22-02-2024,JE_S03_P03; JE_S03_P04,15:25;,"Sunny, no cloud",1,270,4,170,85,140,2,
JE_S03_T03,Jembisa,JE_S03,,22-02-2024,JE_S03_P03; JE_S03_P04,15:25;,"Sunny, no cloud",1,750,11,155,9,130,3,
JE_S03_T04,Jembisa,JE_S03,,22-02-2024,JE_S03_P04; JE_S03_P05,,"Sunny, no cloud",,,,145,110,150,1,
JE_S03_T04,Jembisa,JE_S03,,22-02-2024,JE_S03_P04; JE_S03_P05,,"Sunny, no cloud",,,,60,85,140,2,
JE_S03_T04,Jembisa,JE_S03,,22-02-2024,JE_S03_P04; JE_S03_P05,,"Sunny, no cloud",,,,,,,3,
JE_S04_T01,Jembisa,JE_S04,,23-02-2024,JE_S04_P01; JE_S04_P02,09:00; 9:17,Sunny,,420,7,34,35,25,1,
JE_S04_T01,Jembisa,JE_S04,,23-02-2024,JE_S04_P01; JE_S04_P02,09:00; 9:17,Sunny,,38,6,200,80,80,2,
JE_S04_T01,Jembisa,JE_S04,,23-02-2024,JE_S04_P01; JE_S04_P02,09:00; 9:17,Sunny,,450,8,,,,3,
JE_S04_T02,Jembisa,JE_S04,,23-02-2024,JE_S04_P02; JE_S04_P03,09:55; 10:12,Sunny,1,450,6.5,38,70,105,1,
JE_S04_T02,Jembisa,JE_S04,,23-02-2024,JE_S04_P02; JE_S04_P03,09:55; 10:12,Sunny,1,460,10,101,64,61,2,
JE_S04_T02,Jembisa,JE_S04,,23-02-2024,JE_S04_P02; JE_S04_P03,09:55; 10:12,Sunny,1,,,350,620,400,2,
JE_S04_T03,Jembisa,JE_S04,,23-02-2024,JE_S04_P03; JE_S04_P04,10:43; 10:53,Sunny,2,750,25,135,80,80,1,
JE_S04_T03,Jembisa,JE_S04,,23-02-2024,JE_S04_P03; JE_S04_P04,10:43; 10:53,Sunny,2,,,160,270,130,2,
JE_S04_T03,Jembisa,JE_S04,,23-02-2024,JE_S04_P03; JE_S04_P04,10:43; 10:53,Sunny,2,,,140,260,180,3,
JE_S04_T04,Jembisa,JE_S04,,23-02-2024,JE_S04_P04; JE_S04_P05,11:41; 11:49,"Sunny, breezy",3,600,15,40,40,40,1,
JE_S04_T04,Jembisa,JE_S04,,23-02-2024,JE_S04_P04; JE_S04_P05,11:41; 11:49,"Sunny, breezy",3,210,5,45,85,75,2,
JE_S04_T04,Jembisa,JE_S04,,23-02-2024,JE_S04_P04; JE_S04_P05,11:41; 11:49,"Sunny, breezy",3,,,55,50,55,3,
JE_S05_T01,Jembisa,JE_S05,,23-02-2024,JE_S05_P01; JE_S05_P02,"13:48, 13:55","Sunny, breezy",2,,,15,75,140,1,
JE_S05_T01,Jembisa,JE_S05,,23-02-2024,JE_S05_P01; JE_S05_P02,"13:48, 13:55","Sunny, breezy",2,,,75,120,60,2,
JE_S05_T01,Jembisa,JE_S05,,23-02-2024,JE_S05_P01; JE_S05_P02,"13:48, 13:55","Sunny, breezy",2,,,140,90,60,3,
JE_S05_T02,Jembisa,JE_S05,,23-02-2024,JE_S05_P02; JE_S05_P03,14:30; 14:44,Sunny,0,400,18,15,20,25,1,
JE_S05_T02,Jembisa,JE_S05,,23-02-2024,JE_S05_P02; JE_S05_P03,14:30; 14:44,Sunny,0,400,8,45,40,65,2,
JE_S05_T02,Jembisa,JE_S05,,23-02-2024,JE_S05_P02; JE_S05_P03,14:30; 14:44,Sunny,0,,,80,80,50,3,
JE_S05_T03,Jembisa,JE_S05,,23-02-2024,JE_S05_P03; JE_S05_P04,15:25; 15:40,Sunny,0,250,5,17.5,10,11,1,
JE_S05_T03,Jembisa,JE_S05,,23-02-2024,JE_S05_P03; JE_S05_P04,15:25; 15:40,Sunny,0,650,17,53,51,61,2,
JE_S05_T03,Jembisa,JE_S05,,23-02-2024,JE_S05_P03; JE_S05_P04,15:25; 15:40,Sunny,0,,,126,98,120,3,
JE_S05_T04,Jembisa,JE_S05,,23-02-2024,JE_S05_P04; JE_S05_P05,16:16; 16:27,Sunny,2,,,200,180,80,1,
JE_S05_T04,Jembisa,JE_S05,,23-02-2024,JE_S05_P04; JE_S05_P05,16:16; 16:27,Sunny,2,,,130,90,80,2,
JE_S05_T04,Jembisa,JE_S05,,23-02-2024,JE_S05_P04; JE_S05_P05,16:16; 16:27,Sunny,2,,,60,50,70,3,
WI_S05_T01,Willowisp,WI_S05,,25-02-2024,WI_S05_P01; WI_S05_P02,14:45; 16:03,Sunny,0,490,12,280,220,180,1,
WI_S05_T01,Willowisp,WI_S05,,25-02-2024,WI_S05_P01; WI_S05_P02,14:45; 16:03,Sunny,0,320,5,35,30,25,2,
WI_S05_T01,Willowisp,WI_S05,,25-02-2024,WI_S05_P01; WI_S05_P02,14:45; 16:03,Sunny,0,400,4,240,150,110,3,
WI_S05_T02,Willowisp,WI_S05,,25-02-2024,WI_S05_P02; WI_S05_P03,16:15; 16:41,Sunny,0,310,7,130,160,120,1,slightly upslope
WI_S05_T02,Willowisp,WI_S05,,25-02-2024,WI_S05_P02; WI_S05_P03,16:15; 16:41,Sunny,0,420,8,160,170,150,2,slightly upslope
WI_S05_T02,Willowisp,WI_S05,,25-02-2024,WI_S05_P02; WI_S05_P03,16:15; 16:41,Sunny,0,,,290,310,280,3,slightly upslope
WI_S05_T03,Willowisp,WI_S05,,25-02-2024,WI_S05_P03; WI_S05_P04,17:08; 17:20,Sunny,0,,,45,30,35,1,
WI_S05_T03,Willowisp,WI_S05,,25-02-2024,WI_S05_P03; WI_S05_P04,17:08; 17:20,Sunny,0,,,40,35,25,2,
WI_S05_T03,Willowisp,WI_S05,,25-02-2024,WI_S05_P03; WI_S05_P04,17:08; 17:20,Sunny,0,,,170,170,110,3,
WI_S05_T04,Willowisp,WI_S05,,25-02-2024,WI_S05_P04; WI_S05_P05,17:43; 17:55,Sunny,0,240,5,200,110,90,1,
WI_S05_T04,Willowisp,WI_S05,,25-02-2024,WI_S05_P04; WI_S05_P05,17:43; 17:55,Sunny,0,,,70,60,40,2,
WI_S05_T04,Willowisp,WI_S05,,25-02-2024,WI_S05_P04; WI_S05_P05,17:43; 17:55,Sunny,0,,,210,210,190,3,
WI_S02_T01,Willowisp,WI_S02,,24-02-2024,WI_S02_P01; WI_S02_P02,13:41;14:00,Sunny,0,600,16,110,90,80,1,
WI_S02_T01,Willowisp,WI_S02,,24-02-2024,WI_S02_P01; WI_S02_P02,13:41;14:00,Sunny,0,,,360,250,250,2,
WI_S02_T01,Willowisp,WI_S02,,24-02-2024,WI_S02_P01; WI_S02_P02,13:41;14:00,Sunny,0,,,210,100,80,3,
WI_S02_T02,Willowisp,WI_S02,,24-02-2024,WI_S02_P02; WI_S02_P03,14:50; 15:08,"hot, sunny",0,290,3,45,30,40,1,
WI_S02_T02,Willowisp,WI_S02,,24-02-2024,WI_S02_P02; WI_S02_P03,14:50; 15:08,"hot, sunny",0,600,7,70,50,30,2,
WI_S02_T02,Willowisp,WI_S02,,24-02-2024,WI_S02_P02; WI_S02_P03,14:50; 15:08,"hot, sunny",0,610,13,80,70,70,3,
WI_S02_T03,Willowisp,WI_S02,,24-02-2024,WI_S02_P03; WI_S02_P04,15:54,Sunny,0,430,9,70,80,50,1,
WI_S02_T03,Willowisp,WI_S02,,24-02-2024,WI_S02_P03; WI_S02_P05,15:54,Sunny,0,320,19,40,60,30,2,
WI_S02_T03,Willowisp,WI_S02,,24-02-2024,WI_S02_P03; WI_S02_P04,15:54,Sunny,0,,,170,190,150,3,
WI_S02_T04,Willowisp,WI_S02,,24-02-2024,WI_S02_P04; WI_S02_P05,16:49,Sunny,0,180,3,80,100,90,1,
WI_S02_T04,Willowisp,WI_S02,,24-02-2024,WI_S02_P04; WI_S02_P05,16:49,Sunny,0,160,3,90,170,120,2,
WI_S02_T04,Willowisp,WI_S02,,24-02-2024,WI_S02_P04; WI_S02_P05,16:49,Sunny,0,400,20,60,110,80,3,
WI_S04_T01,Willowisp,WI_S04,,25-02-2024,WI_S04_P01; WI_S04_P02,12:15;12:30,Sunny,0,290,13,120,35,60,1,
WI_S04_T01,Willowisp,WI_S04,,25-02-2024,WI_S04_P01; WI_S04_P02,12:15;12:30,Sunny,0,,,100,25,110,2,
WI_S04_T01,Willowisp,WI_S04,,25-02-2024,WI_S04_P01; WI_S04_P02,12:15;12:30,Sunny,0,,,400,270,160,3,
WI_S04_T02,Willowisp,WI_S04,,25-02-2024,WI_S04_P02; WI_S04_P03,12:55; 13:16,Sunny,0,310,6,190,90,60,1,
WI_S04_T02,Willowisp,WI_S04,,25-02-2024,WI_S04_P02; WI_S04_P03,12:55; 13:16,Sunny,0,450,9,305,140,120,2,
WI_S04_T02,Willowisp,WI_S04,,25-02-2024,WI_S04_P02; WI_S04_P03,12:55; 13:16,Sunny,0,280,5,260,250,170,3,
WI_S04_T03,Willowisp,WI_S04,,25-02-2024,WI_S04_P03; WI_S04_P04,13:48; 14:06,"Sunny, some clouds",0,500,9,220,90,60,1,
WI_S04_T03,Willowisp,WI_S04,,25-02-2024,WI_S04_P03; WI_S04_P04,13:48; 14:06,"Sunny, some clouds",0,,,60,60,60,2,
WI_S04_T03,Willowisp,WI_S04,,25-02-2024,WI_S04_P03; WI_S04_P04,13:48; 14:06,"Sunny, some clouds",0,,,210,220,100,3,
WI_S01_T01,Willowisp,WI_S01,,24-02-2024,WI_S01_P01; WI_S01_P02,8:30; 8:48,Sunny,0,900,22,65,35,40,1,
WI_S01_T01,Willowisp,WI_S01,,24-02-2024,WI_S01_P01; WI_S01_P02,8:30; 8:48,Sunny,0,420,20,190,65,130,2,
WI_S01_T01,Willowisp,WI_S01,,24-02-2024,WI_S01_P01; WI_S01_P02,8:30; 8:48,Sunny,0,,,155,140,150,3,
WI_S01_T02,Willowisp,WI_S01,,24-02-2024,WI_S01_P02; WI_S01_P03,,Sunny,1,340,7,190,130,140,1,
WI_S01_T02,Willowisp,WI_S01,,24-02-2024,WI_S01_P02; WI_S01_P03,,Sunny,1,600,73,80,60,80,2,
WI_S01_T02,Willowisp,WI_S01,,24-02-2024,WI_S01_P02; WI_S01_P03,,Sunny,1,,,100,100,100,3,
WI_S01_T03,Willowisp,WI_S01,,24-02-2024,WI_S01_P03; WI_S01_P04,11:05; 11:23,Sunny,0,330,7,110,70,90,1,
WI_S01_T03,Willowisp,WI_S01,,24-02-2024,WI_S01_P03; WI_S01_P04,11:05; 11:23,Sunny,0,,,140,60,70,2,
WI_S01_T03,Willowisp,WI_S01,,24-02-2024,WI_S01_P03; WI_S01_P04,11:05; 11:23,Sunny,0,,,70,90,110,3,
WI_S01_T04,Willowisp,WI_S01,,24-02-2024,WI_S01_P04; WI_S01_P05,11:55; ,Sunny,0,800,20,160,160,140,1,
WI_S01_T04,Willowisp,WI_S01,,24-02-2024,WI_S01_P04; WI_S01_P05,11:55; ,Sunny,0,750,18,45,30,30,2,
WI_S01_T04,Willowisp,WI_S01,,24-02-2024,WI_S01_P04; WI_S01_P05,11:55; ,Sunny,0,,,70,60,60,3,
WI_S04_T04,Willowisp,WI_S04,,25-02-2024,WI_S04_P04; WI_S04_P05,14:29; 14:37,Sunny,0,,,190,120,90,1,
WI_S04_T04,Willowisp,WI_S04,,25-02-2024,WI_S04_P04; WI_S04_P05,14:29; 14:37,Sunny,0,,,160,50,50,2,
WI_S04_T04,Willowisp,WI_S04,,25-02-2024,WI_S04_P04; WI_S04_P05,14:29; 14:37,Sunny,0,,,200,220,116,3,
WI_S03_T02,Willowisp,WI_S03,,25-02-2024,WI_S03_P02; WI_S03_P03,08:36; 09:00,Sunny,0,290,7,210,109,85,1,
WI_S03_T02,Willowisp,WI_S03,,25-02-2024,WI_S03_P02; WI_S03_P03,08:36; 09:00,Sunny,0,470,13,140,90,90,2,
WI_S03_T02,Willowisp,WI_S03,,25-02-2024,WI_S03_P02; WI_S03_P03,08:36; 09:00,Sunny,0,420,25,160,80,75,3,
WI_S03_T03,Willowisp,WI_S03,,25-02-2024,WI_S03_P03; WI_S03_P04,09:28; 0941,Sunny,0,310,4,290,160,140,1,
WI_S03_T03,Willowisp,WI_S03,,25-02-2024,WI_S03_P03; WI_S03_P04,09:28; 0941,Sunny,0,390,4,120,112,110,2,
WI_S03_T03,Willowisp,WI_S03,,25-02-2024,WI_S03_P03; WI_S03_P04,09:28; 0941,Sunny,0,235,3.5,180,220,216,3,
WI_S03_T01,Willowisp,WI_S03,,25-02-2024,WI_S03_P01; WI_S03_P02,7:54; 8:20,Sunny,0,420,8,220,100,90,1,
WI_S03_T01,Willowisp,WI_S03,,25-02-2024,WI_S03_P01; WI_S03_P02,7:54; 8:20,Sunny,0,190,4,210,240,230,2,
WI_S03_T01,Willowisp,WI_S03,,25-02-2024,WI_S03_P01; WI_S03_P02,7:54; 8:20,Sunny,0,350,4,130,120,110,2,
WI_S03_T04,Willowisp,WI_S03,,25-02-2024,WI_S03_P04; WI_S03_P05,10:09; ,Sunny,0,450,9,90,70,60,1,
WI_S03_T04,Willowisp,WI_S03,,25-02-2024,WI_S03_P04; WI_S03_P05,10:09; ,Sunny,0,550,32,80,70,50,2,
WI_S03_T04,Willowisp,WI_S03,,25-02-2024,WI_S03_P04; WI_S03_P05,10:09; ,Sunny,0,,,205,95,70,3,
SY_S01_T01,Syringa Sands ,SY_S01,,27-02-2024,SY_S01_P01; SY_S01_P02,14:25; 14:36,"Overcast, wind",0,290,7,45,280,70,1,
SY_S01_T01,Syringa Sands ,SY_S01,,27-02-2024,SY_S01_P01; SY_S01_P02,14:25; 14:36,"Overcast, wind",0,,,15,140,60,2,
SY_S01_T01,Syringa Sands ,SY_S01,,27-02-2024,SY_S01_P01; SY_S01_P02,14:25; 14:36,"Overcast, wind",0,,,15,120,55,3,
SY_S01_T02,Syringa Sands ,SY_S01,,27-02-2024,SY_S01_P02; SY_S01_P03,15:14; 15:25,Cloudy,1,,,35,80,185,1,
SY_S01_T02,Syringa Sands ,SY_S01,,27-02-2024,SY_S01_P02; SY_S01_P03,15:14; 15:25,Cloudy,1,,,20,40,70,2,
SY_S01_T02,Syringa Sands ,SY_S01,,27-02-2024,SY_S01_P02; SY_S01_P03,15:14; 15:25,Cloudy,1,,,15,30,70,3,
SY_S01_T03,Syringa Sands ,SY_S01,,27-02-2024,SY_S01_P03; SY_S01_P04,16:09; 16:24,Slightly overcast,2,220,7,90,60,155,1,
SY_S01_T03,Syringa Sands ,SY_S01,,27-02-2024,SY_S01_P03; SY_S01_P04,16:09; 16:24,Slightly overcast,2,180,7,60,65,70,2,
SY_S01_T03,Syringa Sands ,SY_S01,,27-02-2024,SY_S01_P03; SY_S01_P04,16:09; 16:24,Slightly overcast,2,,,40,45,50,3,
SY_S01_T04,Syringa Sands ,SY_S01,,27-02-2024,SY_S01_P04; SY_S01_P05,17:09; 17:30,"Sunny, few clouds",1,215,7,40,10,12,1,
SY_S01_T04,Syringa Sands ,SY_S01,,27-02-2024,SY_S01_P04; SY_S01_P05,17:09; 17:30,"Sunny, few clouds",1,260,8,145,110,45,2,
SY_S01_T04,Syringa Sands ,SY_S01,,27-02-2024,SY_S01_P04; SY_S01_P05,17:09; 17:30,"Sunny, few clouds",1,600,4,110,90,70,3,
SY_S02_T01,Syringa Sands ,SY_S02,,28-02-2024,SY_S02_P01; SY_S02_P03,08:00; 08:30,/0 % cloud cover,2,170,4,40,20,15,1,slightly upslope 
SY_S02_T01,Syringa Sands ,SY_S02,,28-02-2024,SY_S02_P01; SY_S02_P03,08:00; 08:30,/0 % cloud cover,2,600,19,60,35,25,2,slightly upslope 
SY_S02_T01,Syringa Sands ,SY_S02,,28-02-2024,SY_S02_P01; SY_S02_P03,08:00; 08:30,/0 % cloud cover,2,280,5,290,140,140,3,slightly upslope 
SY_S02_T02,Syringa Sands ,SY_S02,,28-02-2024,SY_S02_P02: SY_S02_P03,09:03; 09:17,"Sunny, few clouds",1,260,4,70,60,50,1,
SY_S02_T02,Syringa Sands ,SY_S02,,28-02-2024,SY_S02_P02: SY_S02_P03,09:03; 09:17,"Sunny, few clouds",1,800,25,75,100,80,2,
SY_S02_T02,Syringa Sands ,SY_S02,,28-02-2024,SY_S02_P02: SY_S02_P03,09:03; 09:17,"Sunny, few clouds",1,,,170,120,70,3,
SY_S02_T03,Syringa Sands ,SY_S02,,28-02-2024,SY_S02_P03; SY_S02_P04,09:46; 10:07,Mostly cloudy,1,160,4,55,70,70,1,
SY_S02_T03,Syringa Sands ,SY_S02,,28-02-2024,SY_S02_P03; SY_S02_P04,09:46; 10:07,Mostly cloudy,1,160,5,100,60,50,2,
SY_S02_T03,Syringa Sands ,SY_S02,,28-02-2024,SY_S02_P03; SY_S02_P04,09:46; 10:07,Mostly cloudy,1,220,6,120,70,40,3,
SY_S02_T04,Syringa Sands ,SY_S02,,28-02-2024,SY_S02_P04; SY_S02_P05,10:29; 10:50,Mostly cloudy,1,620,15,180,115,90,1,
SY_S02_T04,Syringa Sands ,SY_S02,,28-02-2024,SY_S02_P04; SY_S02_P05,10:29; 10:50,Mostly cloudy,1,650,21,60,40,30,2,
SY_S02_T04,Syringa Sands ,SY_S02,,28-02-2024,SY_S02_P04; SY_S02_P05,10:29; 10:50,Mostly cloudy,1,250,7,110,60,40,3,
SY_S03_T01,Syringa Sands ,SY_S03,,28-02-2024,SY_S03_P01; SY_S03_P02,13:28; 13:45,"Sunny, some clouds",1,,,240,270,230,1,
SY_S03_T01,Syringa Sands ,SY_S03,,28-02-2024,SY_S03_P01; SY_S03_P02,13:28; 13:45,"Sunny, some clouds",1,,,255,45,40,2,
SY_S03_T01,Syringa Sands ,SY_S03,,28-02-2024,SY_S03_P01; SY_S03_P02,13:28; 13:45,"Sunny, some clouds",1,,,205,110,80,3,
SY_S03_T02,Syringa Sands ,SY_S03,,28-02-2024,SY_S03_P02; SY_S03_P03,14:01; 14:10,Sunny,1,,,65,30,25,1,
SY_S03_T02,Syringa Sands ,SY_S03,,28-02-2024,SY_S03_P02; SY_S03_P03,14:01; 14:10,Sunny,1,,,80,70,35,2,
SY_S03_T02,Syringa Sands ,SY_S03,,28-02-2024,SY_S03_P02; SY_S03_P03,14:01; 14:10,Sunny,1,,,130,220,170,3,
SY_S03_T03,Syringa Sands ,SY_S03,,28-02-2024,SY_S03_P03; SY_S03_P04,15:13; 15:30,Sunny,2,,,30,30,30,1,
SY_S03_T03,Syringa Sands ,SY_S03,,28-02-2024,SY_S03_P03; SY_S03_P04,15:13; 15:30,Sunny,2,,,215,210,200,2,
SY_S03_T03,Syringa Sands ,SY_S03,,28-02-2024,SY_S03_P03; SY_S03_P04,15:13; 15:30,Sunny,2,,,305,200,250,3,
SY_S03_T04,Syringa Sands ,SY_S03,,28-02-2024,SY_S03_P04; SY_So3_P05,15:49; 16:03,Sunny,2,220,5,215,180,110,1,
SY_S03_T04,Syringa Sands ,SY_S03,,28-02-2024,SY_S03_P04; SY_So3_P05,15:49; 16:03,Sunny,2,305,7,70,170,120,2,
SY_S03_T04,Syringa Sands ,SY_S03,,28-02-2024,SY_S03_P04; SY_So3_P05,15:49; 16:03,Sunny,2,,,310,320,240,3,
SY_S04_T01,Syringa Sands ,SY_S04,,28-02-2024,SY_S04_P01; SY_S04_P02,17:06; 17:17,"Sunny, some clouds",1,750,40,131,60,30,1,slightly downslope
SY_S04_T01,Syringa Sands ,SY_S04,,28-02-2024,SY_S04_P01; SY_S04_P02,17:06; 17:17,"Sunny, some clouds",1,675,20,110,55,20,2,slightly downslope
SY_S04_T01,Syringa Sands ,SY_S04,,28-02-2024,SY_S04_P01; SY_S04_P02,17:06; 17:17,"Sunny, some clouds",1,,,80,40,15,3,slightly downslope
SY_S04_T02,Syringa Sands ,SY_S04,,28-02-2024,SY_S04_P02; SY_S04_P03,17:40; 17:45,"Sunny, few clouds",0,800,30,55,75,30,1,lots of holes in the grounds
SY_S04_T02,Syringa Sands ,SY_S04,,28-02-2024,SY_S04_P02; SY_S04_P03,17:40; 17:45,"Sunny, few clouds",0,,,60,35,35,2,lots of holes in the grounds
SY_S04_T02,Syringa Sands ,SY_S04,,28-02-2024,SY_S04_P02; SY_S04_P03,17:40; 17:45,"Sunny, few clouds",0,,,60,50,40,3,lots of holes in the grounds
SY_S04_T03,Syringa Sands ,SY_S04,,29-02-2024,SY_S04_P03; SY_S04_P04,10:50; 11:02,Overcast,1,800,34,49,32,28,1,Along the slope 
SY_S04_T03,Syringa Sands ,SY_S04,,29-02-2024,SY_S04_P03; SY_S04_P04,10:50; 11:02,Overcast,1,850,39,55,30,25,2,Along the slope 
SY_S04_T03,Syringa Sands ,SY_S04,,29-02-2024,SY_S04_P03; SY_S04_P04,10:50; 11:02,Overcast,1,1100,38,90,105,100,3,Along the slope 
SY_S04_T04,Syringa Sands ,SY_S04,,29-02-2024,SY_S04_P04; SY_S04_P05,11:22; 11:45,Overcast,1,1100,40,90,110,110,1,Along the slope 
SY_S04_T04,Syringa Sands ,SY_S04,,29-02-2024,SY_S04_P04; SY_S04_P05,11:22; 11:45,Overcast,1,1050,29,90,90,50,2,Along the slope 
SY_S04_T04,Syringa Sands ,SY_S04,,29-02-2024,SY_S04_P04; SY_S04_P05,11:22; 11:45,Overcast,1,295,4,110,95,70,3,Along the slope 
SY_S05_T01,Syringa Sands ,SY_S05,,29-02-2024,SY_S05_P01; SY_S05_P02,07:41; 07:56,Overcast,1,480,12,55,30,110,1,Along the slope 
SY_S05_T01,Syringa Sands ,SY_S05,,29-02-2024,SY_S05_P01; SY_S05_P02,07:41; 07:56,Overcast,1,,,66,30,100,2,Along the slope 
SY_S05_T01,Syringa Sands ,SY_S05,,29-02-2024,SY_S05_P01; SY_S05_P02,07:41; 07:56,Overcast,1,,,52,25,80,3,Along the slope 
SY_S05_T02,Syringa Sands ,SY_S05,,29-02-2024,SY_S05_P02; SY_S05_P03,08:15; 08:21,Overcast,0,,,32,37,30,1,Along the slope 
SY_S05_T02,Syringa Sands ,SY_S05,,29-02-2024,SY_S05_P02; SY_S05_P03,08:15; 08:21,Overcast,0,,,25,25,20,2,Along the slope 
SY_S05_T02,Syringa Sands ,SY_S05,,29-02-2024,SY_S05_P02; SY_S05_P03,08:15; 08:21,Overcast,0,,,210,400,370,3,Along the slope 
SY_S05_T03,Syringa Sands ,SY_S05,,29-02-2024,SY_S05_P03; SY_S05_P04,08:56; 09:10,Overcast,0,420,18,55,54,56,1,Along the slope 
SY_S05_T03,Syringa Sands ,SY_S05,,29-02-2024,SY_S05_P03; SY_S05_P04,08:56; 09:10,Overcast,0,350,11,85,80,75,2,Along the slope 
SY_S05_T03,Syringa Sands ,SY_S05,,29-02-2024,SY_S05_P03; SY_S05_P04,08:56; 09:10,Overcast,0,310,9,130,90,60,3,Along the slope 
SY_S05_T04,Syringa Sands ,SY_S05,,29-02-2024,SY_S05_P04; SY_S05_P05,09:31; 09:50,Overcast,1,,,54,70,60,1,Along the slope 
SY_S05_T04,Syringa Sands ,SY_S05,,29-02-2024,SY_S05_P04; SY_S05_P05,09:31; 09:50,Overcast,1,,,90,90,85,2,Along the slope 
SY_S05_T04,Syringa Sands ,SY_S05,,29-02-2024,SY_S05_P04; SY_S05_P05,09:31; 09:50,Overcast,1,,,110,95,90,3,Along the slope 
SU_S01_T01,Summerplace,SU_S01,,01-03-2024,SU_S01_P01; SU_S01_P02,14:45; 15:16,Sunny,1,400,12,40,45,40,1,
SU_S01_T01,Summerplace,SU_S01,,01-03-2024,SU_S01_P01; SU_S01_P02,14:45; 15:16,Sunny,1,280,7,70,60,40,2,
SU_S01_T01,Summerplace,SU_S01,,01-03-2024,SU_S01_P01; SU_S01_P02,14:45; 15:16,Sunny,1,320,9,155,120,90,3,
SU_S01_T02,Summerplace,SU_S01,,01-03-2024,SU_S01_P02; SU_S01_P03,15:38; 15:48,Sunny,0,700,14,120,110,70,1,
SU_S01_T02,Summerplace,SU_S01,,01-03-2024,SU_S01_P02; SU_S01_P03,15:38; 15:48,Sunny,0,320,7,230,160,150,2,
SU_S01_T02,Summerplace,SU_S01,,01-03-2024,SU_S01_P02; SU_S01_P03,15:38; 15:48,Sunny,0,520,19,120,100,70,3,
SU_S01_T03,Summerplace,SU_S01,,01-03-2024,SU_S01_P03; SU_S01_P04,16:45; 17:04,30% cloud cover,1,500,17,70,70,50,1,
SU_S01_T03,Summerplace,SU_S01,,01-03-2024,SU_S01_P03; SU_S01_P04,16:45; 17:04,30% cloud cover,1,600,25,65,60,50,2,
SU_S01_T03,Summerplace,SU_S01,,01-03-2024,SU_S01_P03; SU_S01_P04,16:45; 17:04,30% cloud cover,1,290,2,170,80,75,3,
SU_S01_T04,Summerplace,SU_S01,,01-03-2024,SU_S01_P04; SU_S01_P03,17:35; 17:58,"Sunny, some clouds",1,550,11,155,70,40,1,
SU_S01_T04,Summerplace,SU_S01,,01-03-2024,SU_S01_P04; SU_S01_P03,17:35; 17:58,"Sunny, some clouds",1,600,17,155,120,90,2,
SU_S01_T04,Summerplace,SU_S01,,01-03-2024,SU_S01_P04; SU_S01_P03,17:35; 17:58,"Sunny, some clouds",1,,,120,120,120,3,
SU_S02_T01,Summerplace,SU_S02,,02-03-2024,SU_S02_P01; SU_S02_P02,08:12; 08:50,Sunny,2,520,6,55,111,43,1,
SU_S02_T01,Summerplace,SU_S02,,02-03-2024,SU_S02_P01; SU_S02_P02,08:12; 08:50,Sunny,2,590,6.5,59,93,55,2,
SU_S02_T01,Summerplace,SU_S02,,02-03-2024,SU_S02_P01; SU_S02_P05,08:12; 08:50,Sunny,2,710,34,68,46,41,3,
SU_S02_T02,Summerplace,SU_S02,,02-03-2024,SU_S02_P02; SU_S02_P03,09:05; 09:38,Sunny,1,420,12,140,80,70,1,
SU_S02_T02,Summerplace,SU_S02,,02-03-2024,SU_S02_P02; SU_S02_P03,09:05; 09:38,Sunny,1,400,6,180,95,60,2,
SU_S02_T02,Summerplace,SU_S02,,02-03-2024,SU_S02_P02; SU_S02_P03,09:05; 09:38,Sunny,1,170,3,145,120,110,3,
SU_S02_T03,Summerplace,SU_S02,,02-03-2024,SU_S02_P03; SU_S02_P04,10:26; 10:46,Sunny,1,190,3.5,80,70,55,1,
SU_S02_T03,Summerplace,SU_S02,,02-03-2024,SU_S02_P03; SU_S02_P04,10:26; 10:46,Sunny,1,200,4,220,130,90,2,
SU_S02_T03,Summerplace,SU_S02,,02-03-2024,SU_S02_P03; SU_S02_P04,10:26; 10:46,Sunny,1,,,60,50,40,3,
SU_S02_T04,Summerplace,SU_S02,,02-03-2024,SU_S02_P04; SU_S02_P05,11:15; 11:30,Sunny,1,390,8,40,40,50,1,
SU_S02_T04,Summerplace,SU_S02,,02-03-2024,SU_S02_P04; SU_S02_P05,11:15; 11:30,Sunny,1,420,8,75,70,50,2,
SU_S02_T04,Summerplace,SU_S02,,02-03-2024,SU_S02_P04; SU_S02_P05,11:15; 11:30,Sunny,1,,,120,100,70,3,
SU_S03_T03,Summerplace,SU_S03,,02-03-2024,SU_S03_P03; SU_S03_P04,14:51; 14:57,"Sunny, few clouds",0,410,6,45,30,20,1,
SU_S03_T03,Summerplace,SU_S03,,02-03-2024,SU_S03_P03; SU_S03_P04,14:51; 14:57,"Sunny, few clouds",0,290,6,210,160,110,2,
SU_S03_T03,Summerplace,SU_S03,,02-03-2024,SU_S03_P03; SU_S03_P04,14:51; 14:57,"Sunny, few clouds",0,320,4,180,100,50,3,
SU_S03_T04,Summerplace,SU_S03,,02-03-2024,SU_S03_P04; SU_S03_P05,15:30; 15:42,"Sunny, few clouds",0,,,70,140,160,1,
SU_S03_T04,Summerplace,SU_S03,,02-03-2024,SU_S03_P04; SU_S03_P05,15:30; 15:42,"Sunny, few clouds",0,,,140,140,130,2,
SU_S03_T04,Summerplace,SU_S03,,02-03-2024,SU_S03_P04; SU_S03_P05,15:30; 15:42,"Sunny, few clouds",0,,,90,130,120,3,
SU_S03_T01,Summerplace,SU_S03,,02-03-2024,SU_S03_P01; SU_S03_P02,13:20; 13:26,"Sunny, few clouds",0,280,4,30,25,30,1,
SU_S03_T01,Summerplace,SU_S03,,02-03-2024,SU_S03_P01; SU_S03_P02,13:20; 13:26,"Sunny, few clouds",0,220,5,100,80,90,2,
SU_S03_T01,Summerplace,SU_S03,,02-03-2024,SU_S03_P01; SU_S03_P02,13:20; 13:26,"Sunny, few clouds",0,370,7,95,50,95,3,
SU_S03_T02,Summerplace,SU_S03,,02-03-2024,SU_S03_P02; SU_S03_P03,14:16; 14:22,"Sunny, few clouds",0,155,4,65,40,60,1,
SU_S03_T02,Summerplace,SU_S03,,02-03-2024,SU_S03_P02; SU_S03_P03,14:16; 14:22,"Sunny, few clouds",0,450,10,180,130,170,2,
SU_S03_T02,Summerplace,SU_S03,,02-03-2024,SU_S03_P02; SU_S03_P03,14:16; 14:22,"Sunny, few clouds",0,280,6,160,160,160,3,
SU_S05_T01,Summerplace,SU_S05,,03-03-2024,SU_S05_P01; SU_S05_P02,13:05; 13:24,"Sunny, few clouds",1,600,10,60,40,25,1,
SU_S05_T01,Summerplace,SU_S05,,03-03-2024,SU_S05_P01; SU_S05_P02,13:05; 13:24,"Sunny, few clouds",1,450,10,190,110,84,2,
SU_S05_T01,Summerplace,SU_S05,,03-03-2024,SU_S05_P01; SU_S05_P02,13:05; 13:24,"Sunny, few clouds",1,250,3,85,85,35,3,
SU_S05_T02,Summerplace,SU_S05,,03-03-2024,SU_S05_P02; SU_S05_P03,13:53; 14:18,"Sunny, some clouds",2,600,12,165,120,95,1,
SU_S05_T02,Summerplace,SU_S05,,03-03-2024,SU_S05_P02; SU_S05_P03,13:53; 14:18,"Sunny, some clouds",2,600,13,100,55,40,2,
SU_S05_T02,Summerplace,SU_S05,,03-03-2024,SU_S05_P02; SU_S05_P03,13:53; 14:18,"Sunny, some clouds",2,305,5,96,40,30,3,
SU_S05_T03,Summerplace,SU_S05,,03-03-2024,SU_S05_P03; SU_S05_P04,14:42; 15:01,"Sunny, some clouds",2,250,3,36,30,20,1,
SU_S05_T03,Summerplace,SU_S05,,03-03-2024,SU_S05_P03; SU_S05_P04,14:42; 15:01,"Sunny, some clouds",2,310,9,70,100,75,2,
SU_S05_T03,Summerplace,SU_S05,,03-03-2024,SU_S05_P03; SU_S05_P04,14:42; 15:01,"Sunny, some clouds",2,315,9,50,50,35,3,
SU_S05_T04,Summerplace,SU_S05,,03-03-2024,SU_S05_P04; SU_S05_P04,15:21; 15:40,"Sunny, few clouds",2,290,4,250,280,185,1,
SU_S05_T04,Summerplace,SU_S05,,03-03-2024,SU_S05_P04; SU_S05_P04,15:21; 15:40,"Sunny, few clouds",2,700,20,230,220,140,2,
SU_S05_T04,Summerplace,SU_S05,,03-03-2024,SU_S05_P04; SU_S05_P04,15:21; 15:40,"Sunny, few clouds",2,450,6,74,47,50,3,
SU_S04_T01,Summerplace,SU_S04,,03-03-2024,SU_S04_P01; SU_S04_P02,08:04; 08:23,Sunny,0,200,3,63,45,45,1,
SU_S04_T01,Summerplace,SU_S04,,03-03-2024,SU_S04_P01; SU_S04_P02,08:04; 08:23,Sunny,0,,,90,56,56,2,
SU_S04_T01,Summerplace,SU_S04,,03-03-2024,SU_S04_P01; SU_S04_P02,08:04; 08:23,Sunny,0,,,200,200,220,3,
SU_S04_T02,Summerplace,SU_S04,,03-03-2024,SU_S04_P02; SU_S04_P03,09:06; 09:17,Sunny,1,250,5,190,124,145,1,
SU_S04_T02,Summerplace,SU_S04,,03-03-2024,SU_S04_P02; SU_S04_P03,09:06; 09:17,Sunny,1,310,8,70,80,100,2,
SU_S04_T02,Summerplace,SU_S04,,03-03-2024,SU_S04_P02; SU_S04_P03,09:06; 09:17,Sunny,1,250,7,170,92,100,3,
SU_S04_T03,Summerplace,SU_S04,,03-03-2024,SU_S04_P03; SU_S04_P04,9:45; 10:11,Sunny,0,550,17,230,200,110,1,
SU_S04_T03,Summerplace,SU_S04,,03-03-2024,SU_S04_P03; SU_S04_P04,9:45; 10:11,Sunny,0,250,4,63,60,40,2,
SU_S04_T03,Summerplace,SU_S04,,03-03-2024,SU_S04_P03; SU_S04_P04,9:45; 10:11,Sunny,0,600,9,90,108,85,3,
SU_S04_T04,Summerplace,SU_S04,,03-03-2024,SU_S04_P04; SU_S04_P05,11:02; 11:36,Sunny,1,250,3,96,95,67,1,
SU_S04_T04,Summerplace,SU_S04,,03-03-2024,SU_S04_P04; SU_S04_P05,11:02; 11:36,Sunny,1,500,5,88,120,70,2,
SU_S04_T04,Summerplace,SU_S04,,03-03-2024,SU_S04_P04; SU_S04_P05,11:02; 11:36,Sunny,1,270,19,100,130,70,3,
DA_S01_T01,Dabchick,DA_S01,,05-03-2024,DA_S01_P01; DA_S01_P02,13:48; 14:27,Sunny,2,650,19,145,130,80,1,
DA_S01_T01,Dabchick,DA_S01,,05-03-2024,DA_S01_P01; DA_S01_P02,13:48; 14:27,Sunny,2,500,13,180,110,100,2,
DA_S01_T01,Dabchick,DA_S01,,05-03-2024,DA_S01_P01; DA_S01_P02,13:48; 14:27,Sunny,2,900,35,60,40,20,3,
DA_S01_T04,Dabchick,DA_S01,,05-03-2024,DA_S01_P04; DA_S01_P05,17:05: 17:36,"Overcast, windy, sunny",3,350,6,140,140,120,1,
DA_S01_T04,Dabchick,DA_S01,,05-03-2024,DA_S01_P04; DA_S01_P05,17:05: 17:36,"Overcast, windy, sunny",3,350,5.5,210,150,140,2,
DA_S01_T04,Dabchick,DA_S01,,05-03-2024,DA_S01_P04; DA_S01_P05,17:05: 17:36,"Overcast, windy, sunny",3,600,21,190,210,140,3,
DA_S01_T03,Dabchick ,DA_S01,,05-03-2024,DA_S01_P03; DA_S01_P04,16:15; 16:41,Sunny,2,600,15,45,70,70,1,
DA_S01_T03,Dabchick ,DA_S01,,05-03-2024,DA_S01_P03; DA_S01_P04,16:15; 16:41,Sunny,2,500,22,160,120,80,2,
DA_S01_T03,Dabchick ,DA_S01,,05-03-2024,DA_S01_P03; DA_S01_P04,16:15; 16:41,Sunny,2,400,14,110,140,120,3,
DA_S01_T02,Dabchick ,DA_S01,,05-03-2024,DA_S01_P02; DA_S01_P03,15:04; 15:25,Sunny,0,400,16,290,150,200,1,
DA_S01_T02,Dabchick ,DA_S01,,05-03-2024,DA_S01_P02; DA_S01_P03,15:04; 15:25,Sunny,0,500,14,230,130,160,2,
DA_S01_T02,Dabchick ,DA_S01,,05-03-2024,DA_S01_P02; DA_S01_P03,15:04; 15:25,Sunny,0,550,20,90,40,50,3,
DA_S02_T01,Dabchick ,DA_S02,,06-03-2024,DA_S02_P01; DA_S02_P02,07:38; 08:00,Sunny,2,320,7,280,250,215,1,
DA_S02_T01,Dabchick ,DA_S02,,06-03-2024,DA_S02_P01; DA_S02_P02,07:38; 08:00,Sunny,2,400,8,120,90,70,2,
DA_S02_T01,Dabchick ,DA_S02,,06-03-2024,DA_S02_P01; DA_S02_P02,07:38; 08:00,Sunny,2,,,220,110,75,3,
DA_S02_T02,Dabchick,DA_S02,,06-03-2024,DA_S02_P02; DA_S02_P03,08:42; 08:55,Sunny,1,290,6,145,90,90,1,
DA_S02_T02,Dabchick,DA_S02,,06-03-2024,DA_S02_P02; DA_S02_P03,08:42; 08:55,Sunny,1,240,6,90,80,70,2,
DA_S02_T02,Dabchick,DA_S02,,06-03-2024,DA_S02_P02; DA_S02_P03,08:42; 08:55,Sunny,1,370,10,155,130,110,3,
DA_S02_T03,Dabchick,DA_S02,,06-03-2024,DA_S02_P03; DA_S02_P04,09:41; 10:03,Sunny,2,230,7.5,80,90,60,1,
DA_S02_T03,Dabchick,DA_S02,,06-03-2024,DA_S02_P03; DA_S02_P04,09:41; 10:03,Sunny,2,370,9,130,180,140,2,
DA_S02_T03,Dabchick,DA_S02,,06-03-2024,DA_S02_P03; DA_S02_P04,09:41; 10:03,Sunny,2,380,8,130,110,90,3,
DA_S02_T04,Dabchick,DA_S02,,06-03-2024,DA_S02_P04; DA_S02_P05,10:30; 10:45,Sunny,2,320,8,155,120,110,1,
DA_S02_T04,Dabchick,DA_S02,,06-03-2024,DA_S02_P04; DA_S02_P05,10:30; 10:45,Sunny,2,650,16,230,180,170,2,
DA_S02_T04,Dabchick,DA_S02,,06-03-2024,DA_S02_P04; DA_S02_P05,10:30; 10:45,Sunny,2,660,13,170,160,140,3,
DA_S03_T03,Dabchick,DA_S02,,06-03-2024,DA_S03_P03; DA_S03_P04,14:20; 14:34,Sunny,3,550,18,45,50,50,1,
DA_S03_T03,Dabchick,DA_S02,,06-03-2024,DA_S03_P03; DA_S03_P04,14:20; 14:34,Sunny,3,280,5,140,150,160,2,
DA_S03_T03,Dabchick,DA_S02,,06-03-2024,DA_S03_P03; DA_S03_P04,14:20; 14:34,Sunny,3,600,13,130,160,160,3,
DA_S03_T02,Dabchick,DA_S03,,06-03-2024,DA_S03_P02: DA_S03_P03,13:52; 14:03,Sunny,3,290,9,80,40,40,1,
DA_S03_T02,Dabchick,DA_S03,,06-03-2024,DA_S03_P02: DA_S03_P03,13:52; 14:03,Sunny,3,350,8,80,80,80,2,
DA_S03_T02,Dabchick,DA_S03,,06-03-2024,DA_S03_P02: DA_S03_P03,13:52; 14:03,Sunny,3,270,7,110,140,90,3,
DA_S03_T01,Dabchick,DA_S03,,06-03-2024,DA_S03_P01; DA_S03_P02,12:55; 13:05,Sunny,2,290,7,270,230,215,1,
DA_S03_T01,Dabchick,DA_S03,,06-03-2024,DA_S03_P01; DA_S03_P02,12:55; 13:05,Sunny,2,,,190,140,120,2,
DA_S03_T01,Dabchick,DA_S03,,06-03-2024,DA_S03_P01; DA_S03_P02,12:55; 13:05,Sunny,2,,,240,210,170,3,
DA_S03_T04,Dabchick,DA_S03,,06-03-2024,DA_S03_P04; DA_S03_P05,14: 45; 15:03,Sunny,1,170,5,160,110,120,1,
DA_S03_T04,Dabchick,DA_S03,,06-03-2024,DA_S03_P04; DA_S03_P05,14: 45; 15:03,Sunny,1,400,11,210,160,190,2,
DA_S03_T04,Dabchick,DA_S03,,06-03-2024,DA_S03_P04; DA_S03_P05,14: 45; 15:03,Sunny,1,380,9,160,210,300,3,
DA_S05_T02,Dabchick,DA_S05,,07-03-2024,DA_S05_P02; DA_S05_P03,12:51; 13:02,Mostly cloudy,0,210,6,145,70,70,1,
DA_S05_T02,Dabchick,DA_S05,,07-03-2024,DA_S05_P02; DA_S05_P03,12:51; 13:02,Mostly cloudy,0,170,3,195,150,120,2,
DA_S05_T02,Dabchick,DA_S05,,07-03-2024,DA_S05_P02; DA_S05_P03,12:51; 13:02,Mostly cloudy,0,,,220,230,150,3,
DA_S05_T03,Dabchick,DA_S05,,07-03-2024,DA_S05_P03; DA_S05_P04,13:44; 13:50,Mostly cloudy,0,,,75,100,80,1,
DA_S05_T03,Dabchick,DA_S05,,07-03-2024,DA_S05_P03; DA_S05_P04,13:44; 13:50,Mostly cloudy,0,,,93,110,100,2,
DA_S05_T03,Dabchick,DA_S05,,07-03-2024,DA_S05_P03; DA_S05_P04,13:44; 13:50,Mostly cloudy,0,,,70,90,70,3,
DA_S04_T01,Dabchick,DA_S04,,07-03-2024,DA_S04_P01; DA_S04_P02,07:40; 08:02,Overcast,1,160,3,130,150,120,1,
DA_S04_T01,Dabchick,DA_S04,,07-03-2024,DA_S04_P01; DA_S04_P02,07:40; 08:02,Overcast,1,320,9,110,120,90,2,
DA_S04_T01,Dabchick,DA_S04,,07-03-2024,DA_S04_P01; DA_S04_P02,07:40; 08:02,Overcast,1,340,17,110,100,80,3,
DA_S05_T01,Dabchick,DA_S05,,07-03-2024,DA_S05_P01; DA_S05_P02,11:58; 12:11,Mostly cloudy,1,,,90,60,80,1,
DA_S05_T01,Dabchick,DA_S05,,07-03-2024,DA_S05_P01; DA_S05_P02,11:58; 12:11,Mostly cloudy,1,,,130,110,170,2,
DA_S05_T01,Dabchick,DA_S05,,07-03-2024,DA_S05_P01; DA_S05_P02,11:58; 12:11,Mostly cloudy,1,,,200,210,225,3,
DA_S04_T02,Dabchick,DA_S04,,07-03-2024,DA_S04_P02; DA_S04_P03,08:32; 08:46,Overcast,3,170,4,130,70,60,1,
DA_S04_T02,Dabchick,DA_S04,,07-03-2024,DA_S04_P02; DA_S04_P03,08:32; 08:46,Overcast,3,320,6,160,110,110,2,
DA_S04_T02,Dabchick,DA_S04,,07-03-2024,DA_S04_P02; DA_S04_P03,08:32; 08:46,Overcast,3,220,5,130,110,80,3,
DA_S04_T03,Dabchick,DA_S04,,07-03-2024,DA_S04_P03; DA_S04_P04,09:24; 09:32,Overcast,2,,,80,90,80,1,
DA_S04_T03,Dabchick,DA_S04,,07-03-2024,DA_S04_P03; DA_S04_P043,09:24; 09:32,Overcast,2,,,120,115,85,2,
DA_S04_T03,Dabchick,DA_S04,,07-03-2024,DA_S04_P03; DA_S04_P043,09:24; 09:32,Overcast,2,,,140,70,70,3,
DA_S04_T04,Dabchick,DA_S04,,07-03-2024,DA_S04_P04; DA_S04_P05,09:58; 10:07,Overcast,4,270,7,100,60,50,1,
DA_S04_T04,Dabchick,DA_S04,,07-03-2024,DA_S04_P04; DA_S04_P05,09:58; 10:07,Overcast,4,310,9,130,120,110,2,
DA_S04_T04,Dabchick,DA_S04,,07-03-2024,DA_S04_P04; DA_S04_P05,09:58; 10:07,Overcast,4,,,115,110,70,3,
DA_S05_T04,Dabchick,DA_S05,,07-03-2024,DA_S05_P03; DA_S05_P04,14:10; 14:25,Mostly cloudy,0,,,60,40,50,1,
DA_S05_T04,Dabchick,DA_S05,,07-03-2024,DA_S05_P03; DA_S05_P04,14:10; 14:25,Mostly cloudy,0,,,110,40,55,2,
DA_S05_T04,Dabchick,DA_S05,,07-03-2024,DA_S05_P03; DA_S05_P04,14:10; 14:25,Mostly cloudy,0,,,190,150,200,3,
AN_S01_T01,Ant's Farm,AN_S01,,09-03-2024,AN_S01_P01; AN_S01_P02,15:22; 15:27,"Sunny, some clouds",8,,,20,40,25,1,on grazing lawn
AN_S01_T01,Ant's Farm,AN_S01,,09-03-2024,AN_S01_P01; AN_S01_P02,15:22; 15:27,"Sunny, some clouds",8,,,210,180,150,2,on grazing lawn
AN_S01_T01,Ant's Farm,AN_S01,,09-03-2024,AN_S01_P01; AN_S01_P02,15:22; 15:27,"Sunny, some clouds",8,,,140,90,70,3,on grazing lawn
AN_S01_T02,Ant's Farm,AN_S01,,09-03-2024,AN_S01_P02; AN_S01_P03,16:06; 16:15,Rain,4,,,30,50,45,1,
AN_S01_T02,Ant's Farm,AN_S01,,09-03-2024,AN_S01_P02; AN_S01_P03,16:06; 16:15,Rain,4,,,170,190,120,2,
AN_S01_T02,Ant's Farm,AN_S01,,09-03-2024,AN_S01_P02; AN_S01_P03,16:06; 16:15,Rain,4,,,160,180,170,3,
AN_S01_T03,Ant's Farm,AN_S01,,09-03-2024,AN_S01_P03; AN_S01_P04,16:39; 16:51,Overcast ,1,400,75,115,130,160,1,
AN_S01_T03,Ant's Farm,AN_S01,,09-03-2024,AN_S01_P03; AN_S01_P04,16:39; 16:51,Overcast ,1,450,23,80,90,110,2,
AN_S01_T03,Ant's Farm,AN_S01,,09-03-2024,AN_S01_P03; AN_S01_P04,16:39; 16:51,Overcast ,1,,,90,190,230,3,
AN_S01_T04,Ant's Farm,AN_S01,,09-03-2024,AN_S01_P04; AN_S01_P05,17:27; 17:39,Overcast,1,310,12,55,90,70,1,
AN_S01_T04,Ant's Farm,AN_S01,,09-03-2024,AN_S01_P04; AN_S01_P05,17:27; 17:39,Overcast,1,170,3,270,70,60,2,
AN_S01_T04,Ant's Farm,AN_S01,,09-03-2024,AN_S01_P04; AN_S01_P05,17:27; 17:39,Overcast,1,210,5,100,110,70,3,
AN_S02_T02,Ant's Farm,AN_S02,,10-03-2024,AN_S02_P02; AN_S02_P03,09:09; 09:21,Sunny,2,600,17,230,90,90,1,
AN_S02_T02,Ant's Farm,AN_S02,,10-03-2024,AN_S02_P02; AN_S02_P03,09:09; 09:21,Sunny,2,600,10,45,70,50,2,
AN_S02_T02,Ant's Farm,AN_S02,,10-03-2024,AN_S02_P02; AN_S02_P03,09:09; 09:21,Sunny,2,550,12,170,115,105,3,
AN_S02_T03,Ant's Farm,AN_S02,,10-03-2024,AN_S02_P03; AN_S02_P04,10:00; 10:13,Sunny,2,550,19,160,140,130,1,
AN_S02_T03,Ant's Farm,AN_S02,,10-03-2024,AN_S02_P03; AN_S02_P04,10:00; 10:13,Sunny,2,600,14,130,120,110,2,
AN_S02_T03,Ant's Farm,AN_S02,,10-03-2024,AN_S02_P03; AN_S02_P04,10:00; 10:13,Sunny,2,302,7,110,110,90,3,
AN_S03_T01,Ant's Farm,AN_S03,,10-03-2024,AN_S03_P01; AN_S03_P02,12:30; 12:59,Sunny,1,440,9,70,50,35,1,
AN_S03_T01,Ant's Farm,AN_S03,,10-03-2024,AN_S03_P01; AN_S03_P02,12:30; 12:59,Sunny,1,500,17,120,60,45,2,
AN_S03_T01,Ant's Farm,AN_S03,,10-03-2024,AN_S03_P01; AN_S03_P02,12:30; 12:59,Sunny,1,420,21,160,150,70,3,
AN_S03_T04,Ant's Farm,AN_S03,,10-03-2024,AN_S03_P04; AN_S03_P05,15:09; 15:26,Sunny,2,230,8,140,200,120,1,
AN_S03_T04,Ant's Farm,AN_S03,,10-03-2024,AN_S03_P04; AN_S03_P05,15:09; 15:26,Sunny,2,250,8,60,120,120,2,
AN_S03_T04,Ant's Farm,AN_S03,,10-03-2024,AN_S03_P04; AN_S03_P05,15:09; 15:26,Sunny,2,260,3,240,320,110,3,
AN_S02_T01,Ant's Farm,AN_S02,,10-03-2024,AN_S02_P01; AN_S02_P02,08:27; 08:35,Sunny,4,450,15,55,65,85,1,
AN_S02_T01,Ant's Farm,AN_S02,,10-03-2024,AN_S02_P01; AN_S02_P02,08:27; 08:35,Sunny,4,500,16,51,50,80,2,
AN_S02_T01,Ant's Farm,AN_S02,,10-03-2024,AN_S02_P01; AN_S02_P02,08:27; 08:35,Sunny,4,310,6.5,210,100,150,3,
AN_S02_T04,Ant's Farm,AN_S02,,10-03-2024,AN_S02_P04; AN_S02_P05,10:35; 10:52,Sunny,2,350,7,130,110,230,1,
AN_S02_T04,Ant's Farm,AN_S02,,10-03-2024,AN_S02_P04; AN_S02_P05,10:35; 10:52,Sunny,2,360,8,95,50,83,2,
AN_S02_T04,Ant's Farm,AN_S02,,10-03-2024,AN_S02_P04; AN_S02_P05,10:35; 10:52,Sunny,2,650,16,35,30,40,3,
AN_S03_T02,Ant's Farm,AN_S03,,10-03-2024,AN_S03_P02; AN_S03_P03,13:55; 13:51,Sunny,3,600,25,80,80,40,1,
AN_S03_T02,Ant's Farm,AN_S03,,10-03-2024,AN_S03_P02; AN_S03_P03,13:55; 13:51,Sunny,3,210,6,100,50,42,2,
AN_S03_T02,Ant's Farm,AN_S03,,10-03-2024,AN_S03_P02; AN_S03_P03,13:55; 13:51,Sunny,3,,,130,128,110,3,
AN_S03_T03,Ant's Farm,AN_S03,,10-03-2024,AN_S03_P03; AN_S03_P04,14:24; 14:35,Sunny,0,550,18,140,100,55,1,
AN_S03_T03,Ant's Farm,AN_S03,,10-03-2024,AN_S03_P03; AN_S03_P04,14:24; 14:35,Sunny,0,400,7,80,70,70,2,
AN_S03_T03,Ant's Farm,AN_S03,,10-03-2024,AN_S03_P03; AN_S03_P04,14:24; 14:35,Sunny,0,380,6,75,90,80,3,
AN_S04_T02,Ant's Farm,AN_S04,,11-03-2024,AN_S04_P02; AN_S04_P03,09:08; 09:27,Sunny,1,550,24,290,100,90,1,
AN_S04_T02,Ant's Farm,AN_S04,,11-03-2024,AN_S04_P02; AN_S04_P03,09:08; 09:27,Sunny,1,240,4,210,130,120,2,
AN_S04_T02,Ant's Farm,AN_S04,,11-03-2024,AN_S04_P02; AN_S04_P03,09:08; 09:27,Sunny,1,380,9,190,130,130,3,
AN_S04_T03,Ant's Farm,AN_S04,,11-03-2024,AN_S04_P03; AN_S04_P04,10:11; 10:24,Sunny,2,,,170,170,150,1,
AN_S04_T03,Ant's Farm,AN_S04,,11-03-2024,AN_S04_P03; AN_S04_P04,10:11; 10:24,Sunny,2,,,135,130,110,2,
AN_S04_T03,Ant's Farm,AN_S04,,11-03-2024,AN_S04_P03; AN_S04_P04,10:11; 10:24,Sunny,2,,,65,90,80,3,
AN_S04_T04,Ant's Farm,AN_S04,,11-03-2024,AN_S04_P04; AN_S04_P05,10:59; 11:09,Sunny,4,350,8,140,110,90,1,
AN_S04_T04,Ant's Farm,AN_S04,,11-03-2024,AN_S04_P04; AN_S04_P05,10:59; 11:09,Sunny,4,230,7,105,140,95,2,
AN_S04_T04,Ant's Farm,AN_S04,,11-03-2024,AN_S04_P04; AN_S04_P05,10:59; 11:09,Sunny,4,600,26,120,110,100,3,
AN_S05_T01,Ant's Farm,AN_S05,,11-03-2024,AN_S05_P01; AN_S05_P02,13:15; 13:35,Sunny,0,550,10,155,80,80,1,
AN_S05_T01,Ant's Farm,AN_S05,,11-03-2024,AN_S05_P01; AN_S05_P02,13:15; 13:35,Sunny,0,350,25,110,80,70,2,
AN_S05_T01,Ant's Farm,AN_S05,,11-03-2024,AN_S05_P01; AN_S05_P02,13:15; 13:35,Sunny,0,500,9,70,110,30,3,
AN_S04_T01,Ant's Farm,AN_S04,,11-03-2024,AN_S04_P01; AN_S04_P02,08:17; 08:27,Sunny,1,190,8,290,150,150,1,
AN_S04_T01,Ant's Farm,AN_S04,,11-03-2024,AN_S04_P01; AN_S04_P02,08:17; 08:27,Sunny,1,490,11,87,90,128,2,
AN_S04_T01,Ant's Farm,AN_S04,,11-03-2024,AN_S04_P01; AN_S04_P02,08:17; 08:27,Sunny,1,450,10,65,90,90,3,
AN_S05_T03,Ant's Farm,AN_S05,,11-03-2024,AN_S05_P03; AN_S05_P04,15:00; 15:21,Sunny,0,400,7,240,160,220,1,
AN_S05_T03,Ant's Farm,AN_S05,,11-03-2024,AN_S05_P03; AN_S05_P04,15:00; 15:21,Sunny,0,310,7,140,100,100,2,
AN_S05_T03,Ant's Farm,AN_S05,,11-03-2024,AN_S05_P03; AN_S05_P04,15:00; 15:21,Sunny,0,330,6,190,30,40,3,
AN_S05_T02,Ant's Farm,AN_S05,,11-03-2024,AN_S05_P02: AN_S05_P03,14:00; 14:24,Sunny,2,400,11,110,40,40,1,
AN_S05_T02,Ant's Farm,AN_S05,,11-03-2024,AN_S05_P02: AN_S05_P03,14:00; 14:24,Sunny,2,350,11,230,140,100,2,
AN_S05_T02,Ant's Farm,AN_S05,,11-03-2024,AN_S05_P02: AN_S05_P03,14:00; 14:24,Sunny,2,260,10,95,90,50,3,
AN_S05_T04,Ant's Farm,AN_S05,,11-03-2024,AN_S05_P04; AN_S05_P05,15:48; 16:02,Sunny,2,290,5,100,78,52,1,
AN_S05_T04,Ant's Farm,AN_S05,,11-03-2024,AN_S05_P04; AN_S05_P05,15:48; 16:02,Sunny,2,220,4,110,100,80,2,
AN_S05_T04,Ant's Farm,AN_S05,,11-03-2024,AN_S05_P04; AN_S05_P05,15:48; 16:02,Sunny,2,350,8,105,80,70,3,
KA_S01_T01,Kaingo,KA_S01,,13-03-2024,KA_S01_P01; KA_S01_P02,13:24; 13:38,"Very hot, sunny",0,,,86,50,40,1,
KA_S01_T01,Kaingo,KA_S01,,13-03-2024,KA_S01_P01; KA_S01_P02,13:24; 13:38,"Very hot, sunny",0,,,55,70,70,2,
KA_S01_T01,Kaingo,KA_S01,,13-03-2024,KA_S01_P01; KA_S01_P02,13:24; 13:38,"Very hot, sunny",0,,,290,350,220,3,
KA_S01_T03,Kaingo,KA_S01,,13-03-2024,KA_S01_P03; KA_S01_P04,14:39; 14:59,"Very hot, sunny",0,,,38,52,46,1,
KA_S01_T03,Kaingo,KA_S01,,13-03-2024,KA_S01_P03; KA_S01_P04,14:39; 14:59,"Very hot, sunny",0,,,241,118,110,2,
KA_S01_T03,Kaingo,KA_S01,,13-03-2024,KA_S01_P03; KA_S01_P04,14:39; 14:59,"Very hot, sunny",0,,,165,142,133,3,
KA_S01_T04,Kaingo,KA_S01,,13-03-2024,KA_S01_P04; KA_S01_P05,15:27; 15:34,"Hot, sunny",1,550,11,95,150,100,1,
KA_S01_T04,Kaingo,KA_S01,,13-03-2024,KA_S01_P04; KA_S01_P05,15:27; 15:34,"Hot, sunny",1,280,3.5,170,166,110,2,
KA_S01_T04,Kaingo,KA_S01,,13-03-2024,KA_S01_P04; KA_S01_P05,15:27; 15:34,"Hot, sunny",1,,,70,100,80,3,
KA_S01_T02,Kaingo,KA_S01,,13-03-2024,KA_S01_P02; KA_S01_P03,13:50; 14:17,"Hot, windy, sunny",2,301,8,60,36,40,1,
KA_S01_T02,Kaingo,KA_S01,,13-03-2024,KA_S01_P02; KA_S01_P03,13:50; 14:17,"Hot, windy, sunny",2,377,6.5,52,42,49,2,
KA_S01_T02,Kaingo,KA_S01,,13-03-2024,KA_S01_P02; KA_S01_P03,13:50; 14:17,"Hot, windy, sunny",2,,,49,85,121,3,
KA_S02_T01,Kaingo,KA_S02,,14-03-2024,KA_S02_P01; KA_S02_P01,07:47; 08:10,Sunny,1,243,5,111,79,82,1,
KA_S02_T01,Kaingo,KA_S02,,14-03-2024,KA_S02_P01; KA_S02_P01,07:47; 08:10,Sunny,1,420,12,48,41,35,2,
KA_S02_T01,Kaingo,KA_S02,,14-03-2024,KA_S02_P01; KA_S02_P01,07:47; 08:10,Sunny,1,320,6,60,47,43,3,
KA_S02_T02,Kaingo,KA_S02,,14-03-2024,KA_S02_P02; KA_S02_P03,08:30; 09:00,Sunny,2,500,12,120,170,120,1,
KA_S02_T02,Kaingo,KA_S02,,14-03-2024,KA_S02_P02; KA_S02_P03,08:30; 09:00,Sunny,2,500,14,80,40,40,2,
KA_S02_T02,Kaingo,KA_S02,,14-03-2024,KA_S02_P02; KA_S02_P03,08:30; 09:00,Sunny,2,,,60,50,40,3,
KA_S02_T03,Kaingo,KA_S02,,14-03-2024,KA_S02_P03; KA_S02_P04,09:33; 09:43,Sunny,1,350,8,190,130,100,1,
KA_S02_T03,Kaingo,KA_S02,,14-03-2024,KA_S02_P03; KA_S02_P04,09:33; 09:43,Sunny,1,350,11,240,140,80,2,
KA_S02_T03,Kaingo,KA_S02,,14-03-2024,KA_S02_P03; KA_S02_P04,09:33; 09:43,Sunny,1,320,10,230,120,110,3,
KA_S02_T04,Kaingo,KA_S02,,14-03-2024,KA_S02_P04; KA_S02_P05,10:08; 10:29,Sunny,2,550,12,60,50,70,1,
KA_S02_T04,Kaingo,KA_S02,,14-03-2024,KA_S02_P04; KA_S02_P05,10:08; 10:29,Sunny,2,320,11,130,80,40,2,
KA_S02_T04,Kaingo,KA_S02,,14-03-2024,KA_S02_P04; KA_S02_P05,10:08; 10:29,Sunny,2,310,6,230,210,170,3,
KA_S03_T03,Kaingo,KA_S03,,14-03-2024,KA_S03_P03; KA_S03_P04,14:28; 14:35,Sunny,0,450,15,210,110,130,1,
KA_S03_T03,Kaingo,KA_S03,,14-03-2024,KA_S03_P03; KA_S03_P04,14:28; 14:35,Sunny,0,420,12,130,80,90,2,
KA_S03_T03,Kaingo,KA_S03,,14-03-2024,KA_S03_P03; KA_S03_P04,14:28; 14:35,Sunny,0,290,8,155,80,120,3,
KA_S03_T04,Kaingo,KA_S03,,14-03-2024,KA_S03_P04; KA_S03_P05,14:52; 15:14,Sunny,2,600,20,54,29,32,1,
KA_S03_T04,Kaingo,KA_S03,,14-03-2024,KA_S03_P04; KA_S03_P05,14:52; 15:14,Sunny,2,450,14,90,100,110,2,
KA_S03_T04,Kaingo,KA_S03,,14-03-2024,KA_S03_P04; KA_S03_P05,14:52; 15:14,Sunny,2,350,10,95,80,105,3,
KA_S03_T01,Kaingo,KA_S03,,14-03-2024,KA_S03_P01; KA_S03_P02,13:00; 13:22,Sunny,1,340,8,82,69,39,1,
KA_S03_T01,Kaingo,KA_S03,,14-03-2024,KA_S03_P01; KA_S03_P02,13:00; 13:22,Sunny,1,550,12,62,64,46,2,
KA_S03_T01,Kaingo,KA_S03,,14-03-2024,KA_S03_P01; KA_S03_P02,13:00; 13:22,Sunny,1,320,11,29,69,35,3,
KA_S03_T02,Kaingo,KA_S03,,14-03-2024,KA_S03_P02; KA_S03_P03,13:34; 13:46,Sunny,,170,5,90,70,40,1,
KA_S03_T02,Kaingo,KA_S03,,14-03-2024,KA_S03_P02; KA_S03_P03,13:34; 13:46,Sunny,,240,5,90,40,40,2,
KA_S03_T02,Kaingo,KA_S03,,14-03-2024,KA_S03_P02; KA_S03_P03,13:34; 13:46,Sunny,,440,13,140,90,70,3,
KA_S04_T01,Kaingo,KA_S04,,15-03-2024,KA_S04_P01; KA_S04_P02,8:35; 9:35,Sunny,3,550,7,70,55,40,1,
KA_S04_T01,Kaingo,KA_S04,,15-03-2024,KA_S04_P01; KA_S04_P02,8:35; 9:35,Sunny,3,380,4,170,40,40,2,
KA_S04_T01,Kaingo,KA_S04,,15-03-2024,KA_S04_P01; KA_S04_P02,8:35; 9:35,Sunny,3,600,14,200,80,70,3,
KA_S04_T04,Kaingo,KA_S04,,15-03-2024,KA_S04_P04; KA_S04_P05,12:11; 12:59,"Sunny, with some clouds",,550,12,250,170,90,1,
KA_S04_T04,Kaingo,KA_S04,,15-03-2024,KA_S04_P04; KA_S04_P05,12:11; 12:59,"Sunny, with some clouds",,500,8,200,140,110,2,
KA_S04_T04,Kaingo,KA_S04,,15-03-2024,KA_S04_P04; KA_S04_P05,12:11; 12:59,"Sunny, with some clouds",,,,155,170,170,3,
KA_S04_T02,Kaingo,KA_S04,,15-03-2024,KA_S04_P02; KA_S04_P03,9:51; 10:43,Partly cloudy,2,230,4,235,140,110,1,
KA_S04_T02,Kaingo,KA_S04,,15-03-2024,KA_S04_P02; KA_S04_P03,9:51; 10:43,Partly cloudy,2,510,9,50,92,60,2,
KA_S04_T02,Kaingo,KA_S04,,15-03-2024,KA_S04_P02; KA_S04_P03,9:51; 10:43,Partly cloudy,2,400,8,220,200,176,3,
KA_S04_T03,Kaingo,KA_S04,,15-03-2024,KA_S04_P03; KA_S04_P04,11:08; 11:57,Partly cloudy,4,500,3,17,43,24,1,
KA_S04_T03,Kaingo,KA_S04,,15-03-2024,KA_S04_P03; KA_S04_P04,11:08; 11:57,Partly cloudy,4,290,9,95,84,75,2,
KA_S04_T03,Kaingo,KA_S04,,15-03-2024,KA_S04_P03; KA_S04_P04,11:08; 11:57,Partly cloudy,4,600,7,420,120,90,3,
KA_S05_T01,Kaingo,KA_S05,,16-03-2024,KA_S05_P01; KA_S05_P02,8:30; 9:00,Sunny,0,450,8,100,80,60,1,
KA_S05_T01,Kaingo,KA_S05,,16-03-2024,KA_S05_P01; KA_S05_P02,8:30; 9:00,Sunny,0,500,14,230,130,100,2,
KA_S05_T01,Kaingo,KA_S05,,16-03-2024,KA_S05_P01; KA_S05_P02,8:30; 9:00,Sunny,0,550,10,65,60,30,3,
KA_S05_T03,Kaingo,KA_S05,,16-03-2024,KA_S05_P03; KA_S05_P04,10:19; 10:30,Sunny,0,,,220,100,100,1,
KA_S05_T03,Kaingo,KA_S05,,16-03-2024,KA_S05_P03; KA_S05_P04,10:19; 10:30,Sunny,0,,,180,100,100,2,
KA_S05_T03,Kaingo,KA_S05,,16-03-2024,KA_S05_P03; KA_S05_P04,10:19; 10:30,Sunny,0,,,70,80,50,3,
KA_S05_T02,Kaingo,KA_S05,,16-03-2024,KA_S05_P02; KA_S05_P03,9:36; 9:45,Sunny,0,,,180,130,120,1,
KA_S05_T02,Kaingo,KA_S05,,16-03-2024,KA_S05_P02; KA_S05_P03,9:36; 9:45,Sunny,0,,,200,160,160,2,
KA_S05_T02,Kaingo,KA_S05,,16-03-2024,KA_S05_P02; KA_S05_P03,9:36; 9:45,Sunny,0,,,47,40,25,3,
KA_S05_T04,Kaingo,KA_S05,,16-03-2024,KA_S05_P04; KA_S05_P05,11:21; 11:45,Sunny,2,400,4,30,20,15,1,
KA_S05_T04,Kaingo,KA_S05,,16-03-2024,KA_S05_P04; KA_S05_P05,11:21; 11:45,Sunny,2,580,8,120,140,110,2,
KA_S05_T04,Kaingo,KA_S05,,16-03-2024,KA_S05_P04; KA_S05_P05,11:21; 11:45,Sunny,2,,,250,250,200,3,
SW_S01_T03,Swebeswebe,SW_S01,,18-03-2024,SW_S01_P03; SW_S01_P04,17:16; 17:21,Sunny,1,,,30,80,40,1,
SW_S01_T03,Swebeswebe,SW_S01,,18-03-2024,SW_S01_P03; SW_S01_P04,17:16; 17:21,Sunny,1,,,130,60,50,2,
SW_S01_T03,Swebeswebe,SW_S01,,18-03-2024,SW_S01_P03; SW_S01_P04,17:16; 17:21,Sunny,1,,,40,90,35,3,
SW_S01_T04,Swebeswebe,SW_S01,,18-03-2024,SW_S01_P04; SW_S01_P05,17:40; 17:43,Sunny,2,400,8,200,110,120,1,
SW_S01_T04,Swebeswebe,SW_S01,,18-03-2024,SW_S01_P04; SW_S01_P05,17:40; 17:43,Sunny,2,470,6,200,160,220,2,
SW_S01_T04,Swebeswebe,SW_S01,,18-03-2024,SW_S01_P04; SW_S01_P05,17:40; 17:43,Sunny,2,,,20,40,20,3,
SW_S01_T01,Swebeswebe,SW_S01,,18-03-2024,SW_S01_P01; SW_S01_P02,15:55; 16:15,Sunny,2,,,20,30,25,,
SW_S01_T01,Swebeswebe,SW_S01,,18-03-2024,SW_S01_P01; SW_S01_P02,15:55; 16:15,Sunny,2,,,120,100,70,1,
SW_S01_T02,Swebeswebe,SW_S01,,18-03-2024,SW_S01_P02; SW_S01_P03,16:46; 16:54,Sunny,1,550,21,75,120,100,2,
SW_S01_T02,Swebeswebe,SW_S01,,18-03-2024,SW_S01_P02; SW_S01_P03,16:46; 16:54,Sunny,1,,,130,100,110,3,
SW_S02_T01,Swebeswebe,SW_S02,,20-03-2024,SW_S02_P01; SW_S02_P02,08:17; 08:45,Sunny,0,350,3,55,20,15,1,very rocky and somewhat slopy
SW_S02_T01,Swebeswebe,SW_S02,,20-03-2024,SW_S02_P01; SW_S02_P02,08:17; 08:45,Sunny,0,400,13,20,25,10,2,very rocky and somewhat slopy
SW_S02_T01,Swebeswebe,SW_S02,,20-03-2024,SW_S02_P01; SW_S02_P02,08:17; 08:45,Sunny,0,320,8,140,85,80,3,very rocky and somewhat slopy
SW_S02_T02,Swebeswebe,SW_S02,,20-03-2024,SW_S02_P02; SW_S02_P03,09:10 :09:18,Sunny,1,450,19,55,70,50,1,very rocky and somewhat slopy
SW_S02_T02,Swebeswebe,SW_S02,,20-03-2024,SW_S02_P02; SW_S02_P03,09:10 :09:18,Sunny,1,350,3.5,205,180,80,2,very rocky and somewhat slopy
SW_S02_T02,Swebeswebe,SW_S02,,20-03-2024,SW_S02_P02; SW_S02_P03,09:10 :09:18,Sunny,1,400,3,310,240,190,3,very rocky and somewhat slopy
SW_S02_T03,Swebeswebe,SW_S02,,20-03-2024,SW_S02_P03; SW_S02_P04,09:57; 10:24,Sunny,1,600,7,140,90,90,1,very rocky and somewhat slopy
SW_S02_T03,Swebeswebe,SW_S02,,20-03-2024,SW_S02_P03; SW_S02_P04,09:57; 10:24,Sunny,1,350,10,30,50,40,2,very rocky and somewhat slopy
SW_S02_T03,Swebeswebe,SW_S02,,20-03-2024,SW_S02_P03; SW_S02_P04,09:57; 10:24,Sunny,1,280,3,55,40,30,3,very rocky and somewhat slopy
SW_S02_T04,Swebeswebe,SW_S02,,20-03-2024,SW_S02_P04; SW_S02_P05,10:55; 11:21,Sunny,1,450,12,90,50,50,1,very rocky and somewhat slopy
SW_S02_T04,Swebeswebe,SW_S02,,20-03-2024,SW_S02_P04; SW_S02_P05,10:55; 11:21,Sunny,1,400,4,350,550,480,2,very rocky and somewhat slopy
SW_S02_T04,Swebeswebe,SW_S02,,20-03-2024,SW_S02_P04; SW_S02_P05,10:55; 11:21,Sunny,1,500,7,70,60,50,3,very rocky and somewhat slopy
SW_S03_T02,Swebeswebe,SW_S03,,20-03-2024,SW_S03_P02; SW_S03_P03,14:50; 15:05,"Sunny, hot",0,310,5,145,160,150,1,
SW_S03_T02,Swebeswebe,SW_S03,,20-03-2024,SW_S03_P02; SW_S03_P03,14:50; 15:05,"Sunny, hot",0,400,7,210,100,70,2,
SW_S03_T02,Swebeswebe,SW_S03,,20-03-2024,SW_S03_P02; SW_S03_P03,14:50; 15:05,"Sunny, hot",0,320,6,180,120,120,3,
SW_S03_T03,Swebeswebe,SW_S03,,20-03-2024,SW_S03_P03; SW_S03_P04,15:24; 15:43,"Sunny, some clouds",1,400,7,114,140,126,1,
SW_S03_T03,Swebeswebe,SW_S03,,20-03-2024,SW_S03_P03; SW_S03_P04,15:24; 15:43,"Sunny, some clouds",1,400,7.5,90,20,20,2,
SW_S03_T03,Swebeswebe,SW_S03,,20-03-2024,SW_S03_P03; SW_S03_P04,15:24; 15:43,"Sunny, some clouds",1,450,16,280,350,240,3,
SW_S03_T01,Swebeswebe,SW_S03,,20-03-2024,SW_S03_P01; SW_S03_P02,14:10; 14:17,Sunny,1,280,4,66,19,43,1,
SW_S03_T01,Swebeswebe,SW_S03,,20-03-2024,SW_S03_P01; SW_S03_P02,14:10; 14:17,Sunny,1,290,4,520,190,180,2,
SW_S03_T01,Swebeswebe,SW_S03,,20-03-2024,SW_S03_P01; SW_S03_P02,14:10; 14:17,Sunny,1,320,6,50,40,40,3,
SW_S03_T04,Swebeswebe,SW_S03,,20-03-2024,SW_S03_P04; SW_S03_P05,16:02; 16:36,"Sunny, some clouds, storm approaching",0,290,3.8,215,216,123,1,
SW_S03_T04,Swebeswebe,SW_S03,,20-03-2024,SW_S03_P04; SW_S03_P05,16:02; 16:36,"Sunny, some clouds, storm approaching",0,400,5.5,138,188,180,2,
SW_S03_T04,Swebeswebe,SW_S03,,20-03-2024,SW_S03_P04; SW_S03_P05,16:02; 16:36,"Sunny, some clouds, storm approaching",0,680,14,128,60,46,3,
SW_S04_T01,Swebeswebe,SW_S04,,21-03-2024,SW_S04_P01; SW_S04_P02,07:21; 07:37,Overcast,1,380,5,233,170,150,1,
SW_S04_T01,Swebeswebe,SW_S04,,21-03-2024,SW_S04_P01; SW_S04_P02,07:21; 07:37,Overcast,1,400,6,260,220,180,2,
SW_S04_T01,Swebeswebe,SW_S04,,21-03-2024,SW_S04_P01; SW_S04_P02,07:21; 07:37,Overcast,1,500,8,230,130,80,3,
SW_S04_T02,Swebeswebe,SW_S04,,21-03-2024,SW_S04_P02; SW_S04_P03,07:54; 8:13,Overcast,1,301,3.5,55,69,60,1,
SW_S04_T02,Swebeswebe,SW_S04,,21-03-2024,SW_S04_P02; SW_S04_P03,07:54; 8:13,Overcast,1,210,5.2,153,111,80,2,
SW_S04_T02,Swebeswebe,SW_S04,,21-03-2024,SW_S04_P02; SW_S04_P03,07:54; 8:13,Overcast,1,390,7,78,124,60,3,
SW_S04_T03,Swebeswebe,SW_S04,,21-03-2024,SW_S04_P03; SW_S04_P04,08:47; 08:59,Overcast,0,450,10,264,248,120,1,
SW_S04_T03,Swebeswebe,SW_S04,,21-03-2024,SW_S04_P03; SW_S04_P04,08:47; 08:59,Overcast,0,500,15,190,160,130,2,
SW_S04_T03,Swebeswebe,SW_S04,,21-03-2024,SW_S04_P03; SW_S04_P04,08:47; 08:59,Overcast,0,,,90,90,70,3,
SW_S04_T04,Swebeswebe,SW_S04,,21-03-2024,SW_S04_P04; SW_S04_P05,09:34; 09:47,Overcast,1,550,11,400,520,360,1,
SW_S04_T04,Swebeswebe,SW_S04,,21-03-2024,SW_S04_P04; SW_S04_P05,09:34; 09:47,Overcast,1,600,10,200,170,130,2,
SW_S04_T04,Swebeswebe,SW_S04,,21-03-2024,SW_S04_P04; SW_S04_P05,09:34; 09:47,Overcast,1,600,11,160,100,100,3,
SW_S05_T03,Swebeswebe,SW_S05,,21-03-2024,SW_S05_P03; SW_S05_P04,13:31; 13:43,"Cloudy, some sun",1,240,6,290,460,360,1,
SW_S05_T03,Swebeswebe,SW_S05,,21-03-2024,SW_S05_P03; SW_S05_P04,13:31; 13:43,"Cloudy, some sun",1,500,10,60,60,40,2,
SW_S05_T03,Swebeswebe,SW_S05,,21-03-2024,SW_S05_P03; SW_S05_P04,13:31; 13:43,"Cloudy, some sun",1,450,8,100,150,140,3,
SW_S05_T04,Swebeswebe,SW_S05,,21-03-2024,SW_S05_P04; SW_S05_P05,14:12; 14:25,"Sunny, cloudy",1,240,3,140,50,50,1,
SW_S05_T04,Swebeswebe,SW_S05,,21-03-2024,SW_S05_P04; SW_S05_P05,14:12; 14:25,"Sunny, cloudy",1,400,11,70,110,100,2,
SW_S05_T04,Swebeswebe,SW_S05,,21-03-2024,SW_S05_P04; SW_S05_P05,14:12; 14:25,"Sunny, cloudy",1,550,12,100,120,75,3,
SW_S05_T01,Swebeswebe,SW_S05,,21-03-2024,SW_S05_P01; SW_S05_P02,12:00; 12:14,"Sunny, some clouds",1,270,5.5,264,110,75,1,
SW_S05_T01,Swebeswebe,SW_S05,,21-03-2024,SW_S05_P01; SW_S05_P02,12:00; 12:14,"Sunny, some clouds",1,350,13,270,230,170,2,
SW_S05_T01,Swebeswebe,SW_S05,,21-03-2024,SW_S05_P01; SW_S05_P02,12:00; 12:14,"Sunny, some clouds",1,550,8,130,120,90,3,
SW_S05_T02,Swebeswebe,SW_S05,,21-03-2024,SW_S05_P02; SW_S05_P03,12:49; 13:02,"Cloudy, windy",1,310,7,90,40,30,1,
SW_S05_T02,Swebeswebe,SW_S05,,21-03-2024,SW_S05_P02; SW_S05_P03,12:49; 13:02,"Cloudy, windy",1,450,8,250,180,180,2,
SW_S05_T02,Swebeswebe,SW_S05,,21-03-2024,SW_S05_P02; SW_S05_P03,12:49; 13:02,"Cloudy, windy",1,500,8,120,50,45,3,
MA_S01_T01,Marakele,MA_S01,,24-03-2024,MA_S01_P01; MA_S01_P02,10:39; 11:12,Sunny,1,205,8,220,280,220,1,Paths could well be old cattle paths
MA_S01_T01,Marakele,MA_S01,,24-03-2024,MA_S01_P01; MA_S01_P02,10:39; 11:12,Sunny,1,250,6,190,70,60,2,Paths could well be old cattle paths
MA_S01_T01,Marakele,MA_S01,,24-03-2024,MA_S01_P01; MA_S01_P02,10:39; 11:12,Sunny,1,320,10,200,125,125,3,Paths could well be old cattle paths
MA_S01_T02,Marakele,MA_S01,,24-03-2024,MA_S01_P02; MA_S01_P03,11:42; 12:09,Sunny,0,450,10,130,75,70,1,Paths could well be old cattle paths
MA_S01_T02,Marakele,MA_S01,,24-03-2024,MA_S01_P02; MA_S01_P03,11:42; 12:09,Sunny,0,210,8,170,100,90,2,Paths could well be old cattle paths
MA_S01_T02,Marakele,MA_S01,,24-03-2024,MA_S01_P02; MA_S01_P03,11:42; 12:09,Sunny,0,380,12,100,70,65,3,Paths could well be old cattle paths
MA_S01_T03,Marakele,MA_S01,,24-03-2024,MA_S01_P03; MA_S01_P04,12:30; 12:46,Sunny,2,280,9,210,365,340,1,Paths could well be old cattle paths
MA_S01_T03,Marakele,MA_S01,,24-03-2024,MA_S01_P03; MA_S01_P04,12:30; 12:46,Sunny,2,,,240,360,250,2,Paths could well be old cattle paths
MA_S01_T03,Marakele,MA_S01,,24-03-2024,MA_S01_P03; MA_S01_P04,12:30; 12:46,Sunny,2,,,200,290,197,3,Paths could well be old cattle paths
MA_S01_T04,Marakele,MA_S01,,24-03-2024,MA_S01_P04; MA_S01_P05,13:12; 13:33,Sunny,0,370,10,130,130,90,1,Paths could well be old cattle paths
MA_S01_T04,Marakele,MA_S01,,24-03-2024,MA_S01_P04; MA_S01_P05,13:12; 13:33,Sunny,0,550,14,110,95,95,2,Paths could well be old cattle paths
MA_S01_T04,Marakele,MA_S01,,24-03-2024,MA_S01_P04; MA_S01_P05,13:12; 13:33,Sunny,0,220,5,60,87,40,3,Paths could well be old cattle paths
MA_S02_T01,Marakele,MA_S02,,24-03-2024,MA_S02_P01; MA_S02_P02,15:06; 15:21,"Sunny, some clouds ",0,400,15,140,100,80,1,
MA_S02_T01,Marakele,MA_S02,,24-03-2024,MA_S02_P01; MA_S02_P02,15:06; 15:21,"Sunny, some clouds ",0,,,55,80,30,2,
MA_S02_T01,Marakele,MA_S02,,24-03-2024,MA_S02_P01; MA_S02_P02,15:06; 15:21,"Sunny, some clouds ",0,,,200,85,70,3,
MA_S02_T03,Marakele,MA_S02,,24-03-2024,MA_S02_P03; MA_S02_P04,16:33; 16:42,"Sunny, some clouds ",0,240,10,70,70,70,1,
MA_S02_T03,Marakele,MA_S02,,24-03-2024,MA_S02_P03; MA_S02_P04,16:33; 16:42,"Sunny, some clouds ",0,,,100,78,70,2,
MA_S02_T03,Marakele,MA_S02,,24-03-2024,MA_S02_P03; MA_S02_P04,16:33; 16:42,"Sunny, some clouds ",0,,,140,100,100,3,
MA_S02_T04,Marakele,MA_S02,,24-03-2024,MA_S02_P04; MA_S02_P05,17:06; 17:17,Sunny,0,450,21,210,200,115,1,
MA_S02_T04,Marakele,MA_S02,,24-03-2024,MA_S02_P04; MA_S02_P05,17:06; 17:17,Sunny,0,,,110,84,90,2,
MA_S02_T04,Marakele,MA_S02,,24-03-2024,MA_S02_P04; MA_S02_P05,17:06; 17:17,Sunny,0,,,140,80,75,3,
MA_S02_T02,Marakele,MA_S02,,24-03-2024,MA_S02_P01; MA_S02_P02,15:50; 15:58,Sunny,0,,,45,40,40,1,
MA_S02_T02,Marakele,MA_S02,,24-03-2024,MA_S02_P01; MA_S02_P02,15:50; 15:58,Sunny,0,,,210,170,140,2,
MA_S02_T02,Marakele,MA_S02,,24-03-2024,MA_S02_P01; MA_S02_P02,15:50; 15:58,Sunny,0,,,120,90,93,3,
MA_S04_T01,Marakele,MA_S04,,25-03-2024,MA_S04_P01; MA_S04_P01,12:37; 12:48,"Mostly cloudy, sunny",0,450,22,220,183,139,1,
MA_S04_T01,Marakele,MA_S04,,25-03-2024,MA_S04_P01; MA_S04_P01,12:37; 12:48,"Mostly cloudy, sunny",0,220,6,130,158,115,2,
MA_S04_T01,Marakele,MA_S04,,25-03-2024,MA_S04_P01; MA_S04_P01,12:37; 12:48,"Mostly cloudy, sunny",0,,,250,125,120,3,
MA_S04_T04,Marakele,MA_S04,,25-03-2024,MA_S04_P04; MA_S04_P05,14:20; 14:36,"Sunny, some clouds ",0,250,5,80,60,60,1,
MA_S04_T04,Marakele,MA_S04,,25-03-2024,MA_S04_P04; MA_S04_P05,14:20; 14:36,"Sunny, some clouds ",0,610,12,155,130,60,2,
MA_S04_T04,Marakele,MA_S04,,25-03-2024,MA_S04_P04; MA_S04_P05,14:20; 14:36,"Sunny, some clouds ",0,320,8,200,195,135,3,
MA_S04_T03,Marakele,MA_S04,,25-03-2024,MA_S04_P03; MA_S04_P04,13:45; 14:01,"Sunny, cloudy",0,310,6,230,370,293,1,
MA_S04_T03,Marakele,MA_S04,,25-03-2024,MA_S04_P03; MA_S04_P04,13:45; 14:01,"Sunny, cloudy",0,,,80,63,60,2,
MA_S04_T03,Marakele,MA_S04,,25-03-2024,MA_S04_P03; MA_S04_P04,13:45; 14:01,"Sunny, cloudy",0,,,210,108,77,3,
MA_S03_T03,Marakele,MA_S03,,25-03-2024,MA_S03_P03; MA_S03_P04,11:40; 11:56,"Sunny, some clouds",0,310,7,110,94,90,1,
MA_S03_T03,Marakele,MA_S03,,25-03-2024,MA_S03_P03; MA_S03_P04,11:40; 11:56,"Sunny, some clouds",0,550,16,90,114,89,2,
MA_S03_T03,Marakele,MA_S03,,25-03-2024,MA_S03_P03; MA_S03_P04,11:40; 11:56,"Sunny, some clouds",0,550,15,100,63,59,3,
MA_S04_T02,Marakele,MA_S04,,25-03-2024,MA_S04_P02; MA_S04_T03,13:16; 13:31,"Sunny, some clouds",0,260,6,55,120,120,1,
MA_S04_T02,Marakele,MA_S04,,25-03-2024,MA_S04_P02; MA_S04_T03,13:16; 13:31,"Sunny, some clouds",0,,,190,137,90,2,
MA_S04_T02,Marakele,MA_S04,,25-03-2024,MA_S04_P02; MA_S04_T03,13:16; 13:31,"Sunny, some clouds",0,,,110,83,60,3,
MA_S03_T02,Marakele,MA_S03,,25-03-2024,MA_S03_P02; MA_S03_P03,10:09; 10:24,"Sunny, some clouds",0,450,13,210,270,245,1,
MA_S03_T02,Marakele,MA_S03,,25-03-2024,MA_S03_P02; MA_S03_P03,10:09; 10:24,"Sunny, some clouds",0,310,10,160,150,146,2,
MA_S03_T02,Marakele,MA_S03,,25-03-2024,MA_S03_P02; MA_S03_P03,10:09; 10:24,"Sunny, some clouds",0,320,6,70,70,55,3,
MA_S03_T01,Marakele,MA_S03,,25-03-2024,MA_S03_P01; MA_S03_P02,09:37; 09:46,"Sunny, some clouds",0,,,100,83,69,1,
MA_S03_T01,Marakele,MA_S03,,25-03-2024,MA_S03_P01; MA_S03_P02,09:37; 09:46,"Sunny, some clouds",0,,,160,260,230,2,
MA_S03_T01,Marakele,MA_S03,,25-03-2024,MA_S03_P01; MA_S03_P02,09:37; 09:46,"Sunny, some clouds",0,,,170,215,140,3,
MA_S03_T04,Marakele,MA_S03,,25-03-2024,MA_S03_P04; MA_S03_P05,11:00; 11:09,"Sunny, some clouds",1,,,80,70,70,1,
MA_S03_T04,Marakele,MA_S03,,25-03-2024,MA_S03_P04; MA_S03_P05,11:00; 11:09,"Sunny, some clouds",1,,,120,110,100,2,
MA_S03_T04,Marakele,MA_S03,,25-03-2024,MA_S03_P04; MA_S03_P05,11:00; 11:09,"Sunny, some clouds",1,,,180,130,90,3,
MA_S05_T03,Marakele,MA_S05,,26-03-2024,MA_S05_P03; MA_S05_P04,11:09; 11:34,Cloudy,0,500,11,50,56,25,1,
MA_S05_T03,Marakele,MA_S05,,26-03-2024,MA_S05_P03; MA_S05_P04,11:09; 11:34,Cloudy,0,350,11,160,173,100,2,
MA_S05_T03,Marakele,MA_S05,,26-03-2024,MA_S05_P03; MA_S05_P04,11:09; 11:34,Cloudy,0,450,9,80,59,52,3,
MA_S05_T02,Marakele,MA_S05,,26-03-2024,MA_S05_P02; MA_S05_P03,10:10; 10:41,"Sunny, some clouds",0,400,8,230,160,140,1,
MA_S05_T02,Marakele,MA_S05,,26-03-2024,MA_S05_P02; MA_S05_P03,10:10; 10:41,"Sunny, some clouds",0,500,12,190,180,180,2,
MA_S05_T02,Marakele,MA_S05,,26-03-2024,MA_S05_P02; MA_S05_P03,10:10; 10:41,"Sunny, some clouds",0,450,11,170,140,110,3,
MA_S05_T04,Marakele,MA_S05,,26-03-2024,MA_S05_P04; MA_S05_P05,12:08; 12:32,Cloudy,0,450,20,70,63,30,1,
MA_S05_T04,Marakele,MA_S05,,26-03-2024,MA_S05_P04; MA_S05_P05,12:08; 12:32,Cloudy,0,420,15,90,60,50,2,
MA_S05_T04,Marakele,MA_S05,,26-03-2024,MA_S05_P04; MA_S05_P05,12:08; 12:32,Cloudy,0,500,21,210,150,100,3,
MA_S05_T01,Marakele,MA_S05,,26-03-2024,MA_S05_P01; MA_S05_P02,9:14; 9:42,Sunny,0,370,3,70,90,110,1,
MA_S05_T01,Marakele,MA_S05,,26-03-2024,MA_S05_P01; MA_S05_P02,9:14; 9:42,Sunny,0,600,12,210,112,117,2,
MA_S05_T01,Marakele,MA_S05,,26-03-2024,MA_S05_P01; MA_S05_P02,9:14; 9:42,Sunny,0,500,12.5,240,190,185,3,